                      File_Name  Status File_Format        Nodes
0  configs/ne_g82751_9008_3.cfg  PASSED   CISCO_IOS  ['device2']
                  File_Name  Status File_Format    Nodes
0  configs/vrp_011532_0.cfg  PASSED   CISCO_IOS  ['pe1']
                     File_Name  Status File_Format        Nodes
0  configs/ne_clock_5015_3.cfg  PASSED   CISCO_IOS  ['deviced']
                             File_Name  Status File_Format      Nodes
0  configs/en-us_task_0187745854_3.cfg  PASSED   CISCO_IOS  ['asbr2']
                     File_Name  Status File_Format       Nodes
0  configs/ne_qos_013801_0.cfg  PASSED   CISCO_IOS  ['device']
                             File_Name  Status File_Format    Nodes
0  configs/en-us_task_0187745854_4.cfg  PASSED   CISCO_IOS  ['pe2']
                      File_Name  Status File_Format          Nodes
0  configs/vrp_basic_0114_2.cfg  PASSED   CISCO_IOS  ['client002']
                   File_Name  Status File_Format  Nodes
0  configs/ne_qos_0069_2.cfg  PASSED   CISCO_IOS  ['p']
                         File_Name  Status File_Format       Nodes
0  configs/cfg_dsvpn_0016_02_2.cfg  PASSED   CISCO_IOS  ['spoke2']
                  File_Name  Status File_Format    Nodes
0  configs/vrp_011538_0.cfg  PASSED   CISCO_IOS  ['pe1']
                    File_Name  Status File_Format               Nodes
0  configs/vrp_aaa_1022_1.cfg  PASSED   CISCO_IOS  ['vrp_aaa_1022_1']
                  File_Name  Status File_Format        Nodes
0  configs/ne_mp_0007_0.cfg  PASSED   CISCO_IOS  ['devicea']
                   File_Name Status File_Format Nodes
0  configs/ne_ztp_0010_1.cfg  EMPTY       EMPTY    []
Empty DataFrame
Columns: [Filename, Line, Text, Parser_Context, Comment]
Index: []
                             File_Name  Status File_Format    Nodes
0  configs/ne_traff-supress_5011_0.cfg  PASSED   CISCO_IOS  ['ce1']
                   File_Name  Status File_Format     Nodes
0  configs/ne_nat_0057_1.cfg  PASSED   CISCO_IOS  ['nata']
                      File_Name  Status File_Format   Nodes
0  configs/ne_te-p2p_6003_1.cfg  PASSED   CISCO_IOS  ['p1']
                   File_Name  Status File_Format    Nodes
0  configs/ne_qos_5079_0.cfg  PASSED   CISCO_IOS  ['pe1']
                      File_Name  Status File_Format    Nodes
0  configs/ne_te-p2p_6005_3.cfg  PASSED   CISCO_IOS  ['pe2']
                      File_Name  Status File_Format    Nodes
0  configs/ne_te-p2p_6005_4.cfg  PASSED   CISCO_IOS  ['ce1']
                    File_Name  Status File_Format             Nodes
0  configs/ne_ipox_0175_1.cfg  PASSED   CISCO_IOS  ['cisco_device']
                    File_Name  Status File_Format    Nodes
0  configs/vrp_arp_2072_2.cfg  PASSED   CISCO_IOS  ['ce1']
                  File_Name  Status File_Format    Nodes
0  configs/vrp_011536_1.cfg  PASSED   CISCO_IOS  ['pe1']
                      File_Name  Status File_Format                 Nodes
0  configs/vrp_basic_0112_0.cfg  PASSED   CISCO_IOS  ['vrp_basic_0112_0']
                   File_Name  Status File_Format     Nodes
0  configs/ne_nat_0095_1.cfg  PASSED   CISCO_IOS  ['nata']
                     File_Name  Status File_Format       Nodes
0  configs/ne_8021x_0011_1.cfg  PASSED   CISCO_IOS  ['router']
                   File_Name  Status File_Format     Nodes
0  configs/ne_nat_0057_0.cfg  PASSED   CISCO_IOS  ['nata']
                  File_Name  Status File_Format        Nodes
0  configs/ne_mp_0007_1.cfg  PASSED   CISCO_IOS  ['deviceb']
                             File_Name  Status File_Format    Nodes
0  configs/ne_traff-supress_5011_1.cfg  PASSED   CISCO_IOS  ['ce2']
                   File_Name  Status File_Format    Nodes
0  configs/ne_qos_0069_4.cfg  PASSED   CISCO_IOS  ['ce2']
                   File_Name  Status File_Format    Nodes
0  configs/ne_qos_0069_3.cfg  PASSED   CISCO_IOS  ['pe2']
                             File_Name  Status File_Format    Nodes
0  configs/ne_mpls-l3vpn-v4_0016_0.cfg  PASSED   CISCO_IOS  ['ce1']
                  File_Name  Status File_Format    Nodes
0  configs/vrp_011538_1.cfg  PASSED   CISCO_IOS  ['pe2']
                    File_Name  Status File_Format             Nodes
0  configs/ne_ipox_0098_0.cfg  PASSED   CISCO_IOS  ['cisco-router']
                             File_Name  Status File_Format    Nodes
0  configs/en-us_task_0187745854_5.cfg  PASSED   CISCO_IOS  ['ce2']
                    File_Name  Status File_Format        Nodes
0  configs/ne_ipox_0150_0.cfg  PASSED   CISCO_IOS  ['devicea']
                  File_Name  Status File_Format    Nodes
0  configs/vrp_011532_1.cfg  PASSED   CISCO_IOS  ['pe2']
                      File_Name  Status File_Format        Nodes
0  configs/ne_g82751_9008_2.cfg  PASSED   CISCO_IOS  ['device1']
                             File_Name  Status File_Format      Nodes
0  configs/en-us_task_0187745854_2.cfg  PASSED   CISCO_IOS  ['asbr1']
                     File_Name  Status File_Format        Nodes
0  configs/ne_clock_5015_2.cfg  PASSED   CISCO_IOS  ['devicec']
                     File_Name  Status File_Format       Nodes
0  configs/ne_013600_mac_1.cfg  PASSED   CISCO_IOS  ['huawei']
                   File_Name  Status File_Format     Nodes
0  configs/ne_nat_0095_0.cfg  PASSED   CISCO_IOS  ['nata']
                      File_Name  Status File_Format                 Nodes
0  configs/vrp_basic_0112_1.cfg  PASSED   CISCO_IOS  ['vrp_basic_0112_1']
                   File_Name  Status File_Format        Nodes
0  configs/ne_qos_0025_0.cfg  PASSED   CISCO_IOS  ['devicea']
                 File_Name  Status File_Format             Nodes
0  configs/ne_013594_1.cfg  PASSED   CISCO_IOS  ['cisco-router']
                      File_Name  Status File_Format    Nodes
0  configs/ne_te-p2p_6005_5.cfg  PASSED   CISCO_IOS  ['ce2']
                                       File_Name  Status File_Format     Nodes
0  configs/ne_bras-multicast_cac_ipv6_0006_1.cfg  PASSED   CISCO_IOS  ['bras']
                     File_Name  Status File_Format    Nodes
0  configs/vrp_acl4_0075_2.cfg  PASSED   CISCO_IOS  ['ce2']
                  File_Name  Status File_Format    Nodes
0  configs/vrp_011536_0.cfg  PASSED   CISCO_IOS  ['ce1']
                      File_Name  Status File_Format   Nodes
0  configs/ne_te-p2p_6005_2.cfg  PASSED   CISCO_IOS  ['p2']
                   File_Name  Status File_Format    Nodes
0  configs/ne_qos_5079_1.cfg  PASSED   CISCO_IOS  ['pe2']
                   File_Name  Status File_Format     Nodes
0  configs/ne_nat_0059_1.cfg  PASSED   CISCO_IOS  ['nata']
                      File_Name  Status File_Format          Nodes
0  configs/vrp_basic_0110_2.cfg  PASSED   CISCO_IOS  ['client002']
                      File_Name  Status File_Format       Nodes
0  configs/cfg_dsvpn_0018_3.cfg  PASSED   CISCO_IOS  ['spoke2']
                    File_Name  Status File_Format  Nodes
0  configs/ne_vpls_5003_1.cfg  PASSED   CISCO_IOS  ['p']
                      File_Name  Status File_Format       Nodes
0  configs/ne_l2tp_013510_1.cfg  PASSED   CISCO_IOS  ['ne40eb']
                  File_Name  Status File_Format    Nodes
0  configs/vrp_011543_1.cfg  PASSED   CISCO_IOS  ['ce2']
                          File_Name  Status File_Format        Nodes
0  configs/ne_portmirror_0020_1.cfg  PASSED   CISCO_IOS  ['routerb']
                    File_Name  Status File_Format    Nodes
0  configs/vrp_arp_2064_1.cfg  PASSED   CISCO_IOS  ['ce2']
                   File_Name  Status File_Format     Nodes
0  configs/ne_nat_0081_1.cfg  PASSED   CISCO_IOS  ['cgna']
                          File_Name  Status File_Format    Nodes
0  configs/ne_portmirror_0028_2.cfg  PASSED   CISCO_IOS  ['ce1']
                   File_Name  Status File_Format        Nodes
0  configs/ne_qos_5006_0.cfg  PASSED   CISCO_IOS  ['devicea']
                      File_Name  Status File_Format           Nodes
0  configs/vrp_basic_0048_0.cfg  PASSED   CISCO_IOS  ['ssh_server']
                       File_Name  Status File_Format        Nodes
0  configs/vrp_4o6tnl_0011_1.cfg  PASSED   CISCO_IOS  ['deviceb']
                   File_Name  Status File_Format        Nodes
0  configs/ne_ppp_0024_1.cfg  PASSED   CISCO_IOS  ['deviceb']
                    File_Name  Status File_Format  Nodes
0  configs/ne_vpws_5003_2.cfg  PASSED   CISCO_IOS  ['p']
                      File_Name  Status File_Format        Nodes
0  configs/ne_loadba_2009_0.cfg  PASSED   CISCO_IOS  ['routera']
                   File_Name  Status File_Format       Nodes
0  configs/ne_qos_0075_1.cfg  PASSED   CISCO_IOS  ['huawei']
                      File_Name  Status File_Format           Nodes
0  configs/vrp_basic_0208_0.cfg  PASSED   CISCO_IOS  ['ssh_server']
                      File_Name  Status File_Format        Nodes
0  configs/ne_l2tp_013514_0.cfg  PASSED   CISCO_IOS  ['devicea']
                    File_Name  Status File_Format             Nodes
0  configs/ne_ipox_0086_1.cfg  PASSED   CISCO_IOS  ['cisco_device']
                    File_Name  Status File_Format        Nodes
0  configs/ne_cpos_0012_1.cfg  PASSED   CISCO_IOS  ['deviceb']
                      File_Name  Status File_Format        Nodes
0  configs/ne_1588v2_5036_0.cfg  PASSED   CISCO_IOS  ['devicea']
                  File_Name  Status File_Format    Nodes
0  configs/vrp_011564_2.cfg  PASSED   CISCO_IOS  ['ce2']
                    File_Name  Status File_Format       Nodes
0  configs/ne_ipox_0000_1.cfg  PASSED   CISCO_IOS  ['huawei']
                                  File_Name  Status File_Format     Nodes
0  configs/ne_bras-multicast_cac_0006_1.cfg  PASSED   CISCO_IOS  ['bras']
                   File_Name  Status File_Format        Nodes
0  configs/ne_qos_2038_2.cfg  PASSED   CISCO_IOS  ['devicec']
                            File_Name  Status File_Format    Nodes
0  configs/ne_error-code_000016_0.cfg  PASSED   CISCO_IOS  ['upe']
                      File_Name   Status File_Format Nodes
0  configs/vrp_basic_0129_0.cfg  UNKNOWN     UNKNOWN    []
Empty DataFrame
Columns: [Filename, Line, Text, Parser_Context, Comment]
Index: []
                          File_Name  Status File_Format       Nodes
0  configs/ne_portmirror_0041_0.cfg  PASSED   CISCO_IOS  ['device']
                   File_Name  Status File_Format        Nodes
0  configs/ne_ppp_0024_0.cfg  PASSED   CISCO_IOS  ['devicea']
                    File_Name  Status File_Format    Nodes
0  configs/ne_vpws_5003_3.cfg  PASSED   CISCO_IOS  ['pe2']
                      File_Name  Status File_Format        Nodes
0  configs/ne_loadba_2009_1.cfg  PASSED   CISCO_IOS  ['routerb']
                       File_Name  Status File_Format        Nodes
0  configs/vrp_4o6tnl_0011_0.cfg  PASSED   CISCO_IOS  ['devicea']
                     File_Name  Status File_Format       Nodes
0  configs/ne_pppoe_0016_1.cfg  PASSED   CISCO_IOS  ['huawei']
                                  File_Name  Status File_Format     Nodes
0  configs/ne_bras-multicast_cac_0002_1.cfg  PASSED   CISCO_IOS  ['bras']
                         File_Name  Status File_Format       Nodes
0  configs/cfg_dsvpn_0015_03_2.cfg  PASSED   CISCO_IOS  ['spoke2']
                      File_Name  Status File_Format                 Nodes
0  configs/vrp_basic_0023_1.cfg  PASSED   CISCO_IOS  ['vrp_basic_0023_1']
                    File_Name  Status File_Format    Nodes
0  configs/ne_vpws_5003_4.cfg  PASSED   CISCO_IOS  ['ce2']
                    File_Name  Status File_Format    Nodes
0  configs/vrp_arp_2064_0.cfg  PASSED   CISCO_IOS  ['ce1']
                      File_Name  Status File_Format                 Nodes
0  configs/ne_l2tp_013510_0.cfg  PASSED   CISCO_IOS  ['ne_l2tp_013510_0']
                  File_Name  Status File_Format    Nodes
0  configs/vrp_011543_0.cfg  PASSED   CISCO_IOS  ['ce1']
                          File_Name  Status File_Format        Nodes
0  configs/ne_portmirror_0020_0.cfg  PASSED   CISCO_IOS  ['routera']
                          File_Name  Status File_Format    Nodes
0  configs/ne_portmirror_0028_3.cfg  PASSED   CISCO_IOS  ['ce1']
                    File_Name  Status File_Format    Nodes
0  configs/ne_vpls_5003_0.cfg  PASSED   CISCO_IOS  ['pe1']
                      File_Name  Status File_Format       Nodes
0  configs/cfg_dsvpn_0018_2.cfg  PASSED   CISCO_IOS  ['spoke1']
                      File_Name  Status File_Format          Nodes
0  configs/vrp_basic_0121_2.cfg  PASSED   CISCO_IOS  ['client002']
                            File_Name  Status File_Format  Nodes
0  configs/ne_error-code_000016_1.cfg  PASSED   CISCO_IOS  ['p']
                    File_Name  Status File_Format        Nodes
0  configs/ne_lmsp_0021_0.cfg  PASSED   CISCO_IOS  ['devicea']
                      File_Name  Status File_Format  Nodes
0  configs/vrp_basic_0129_1.cfg  PASSED   CISCO_IOS  ['p']
                      File_Name  Status File_Format        Nodes
0  configs/ne_1588v2_5036_1.cfg  PASSED   CISCO_IOS  ['devicec']
                  File_Name  Status File_Format    Nodes
0  configs/vrp_011564_3.cfg  PASSED   CISCO_IOS  ['pe2']
                       File_Name  Status File_Format  Nodes
0  configs/ne_pppoxv6_0071_1.cfg  PASSED   CISCO_IOS  ['p']
                    File_Name  Status File_Format        Nodes
0  configs/ne_cpos_0012_0.cfg  PASSED   CISCO_IOS  ['devicea']
                      File_Name  Status File_Format          Nodes
0  configs/vrp_basic_0123_1.cfg  PASSED   CISCO_IOS  ['client001']
                      File_Name  Status File_Format        Nodes
0  configs/ne_l2tp_013514_1.cfg  PASSED   CISCO_IOS  ['devicec']
                      File_Name  Status File_Format          Nodes
0  configs/vrp_basic_0208_1.cfg  PASSED   CISCO_IOS  ['client001']
                      File_Name  Status File_Format    Nodes
0  configs/ne_te-p2p_6006_3.cfg  PASSED   CISCO_IOS  ['pe2']
                      File_Name  Status File_Format    Nodes
0  configs/ne_1588v2_5025_1.cfg  PASSED   CISCO_IOS  ['ce2']
                  File_Name  Status File_Format    Nodes
0  configs/vrp_011535_1.cfg  PASSED   CISCO_IOS  ['pe2']
                   File_Name  Status File_Format    Nodes
0  configs/ne_nat_0094_2.cfg  PASSED   CISCO_IOS  ['cgn']
                      File_Name  Status File_Format    Nodes
0  configs/ne_te-p2p_6006_4.cfg  PASSED   CISCO_IOS  ['ce1']
                  File_Name  Status File_Format    Nodes
0  configs/vrp_011537_2.cfg  PASSED   CISCO_IOS  ['pe2']
                  File_Name  Status File_Format        Nodes
0  configs/ne_e1_5007_1.cfg  PASSED   CISCO_IOS  ['deviceb']
                             File_Name  Status File_Format        Nodes
0  configs/en-us_task_0174456729_1.cfg  PASSED   CISCO_IOS  ['deviceb']
                   File_Name  Status File_Format        Nodes
0  configs/ne_qos_5097_0.cfg  PASSED   CISCO_IOS  ['devicea']
                   File_Name  Status File_Format     Nodes
0  configs/ne_nat_0096_1.cfg  PASSED   CISCO_IOS  ['nata']
                   File_Name  Status File_Format        Nodes
0  configs/ne_qos_7010_0.cfg  PASSED   CISCO_IOS  ['devicea']
                      File_Name  Status File_Format        Nodes
0  configs/ne_l2tp_013509_0.cfg  PASSED   CISCO_IOS  ['devicea']
                     File_Name  Status File_Format        Nodes
0  configs/ne_clock_5016_3.cfg  PASSED   CISCO_IOS  ['deviced']
                     File_Name  Status File_Format       Nodes
0  configs/ne_qos_013869_0.cfg  PASSED   CISCO_IOS  ['huawei']
                   File_Name  Status File_Format     Nodes
0  configs/ne_nat_0098_0.cfg  PASSED   CISCO_IOS  ['cgn1']
                         File_Name  Status File_Format       Nodes
0  configs/cfg_dsvpn_0016_03_1.cfg  PASSED   CISCO_IOS  ['spoke1']
                      File_Name  Status File_Format   Nodes
0  configs/ne_te-p2p_6002_2.cfg  PASSED   CISCO_IOS  ['p2']
                          File_Name  Status File_Format    Nodes
0  configs/ne_error-code_0005_0.cfg  PASSED   CISCO_IOS  ['ce1']
                    File_Name Status File_Format Nodes
0  configs/vrp_aaa_1021_1.cfg  EMPTY       EMPTY    []
Empty DataFrame
Columns: [Filename, Line, Text, Parser_Context, Comment]
Index: []
                      File_Name  Status File_Format        Nodes
0  configs/ne_loadba_2010_1.cfg  PASSED   CISCO_IOS  ['routerb']
                      File_Name  Status File_Format    Nodes
0  configs/ne_1588v2_5023_3.cfg  PASSED   CISCO_IOS  ['pe2']
                      File_Name  Status File_Format    Nodes
0  configs/vrp_basic_0115_1.cfg  PASSED   CISCO_IOS  ['pe1']
                      File_Name  Status File_Format       Nodes
0  configs/ne_arpsec_5012_1.cfg  PASSED   CISCO_IOS  ['device']
                   File_Name  Status File_Format     Nodes
0  configs/ne_nat_0110_1.cfg  PASSED   CISCO_IOS  ['nata']
                   File_Name  Status File_Format  Nodes
0  configs/ne_tdm_0010_2.cfg  PASSED   CISCO_IOS  ['p']
                      File_Name  Status File_Format        Nodes
0  configs/ne_l2tp_013507_0.cfg  PASSED   CISCO_IOS  ['devicea']
                  File_Name  Status File_Format        Nodes
0  configs/ne_e1_5007_0.cfg  PASSED   CISCO_IOS  ['devicea']
                   File_Name  Status File_Format     Nodes
0  configs/ne_nat_0096_0.cfg  PASSED   CISCO_IOS  ['nata']
                     File_Name  Status File_Format       Nodes
0  configs/ne_qos_013867_0.cfg  PASSED   CISCO_IOS  ['router']
                   File_Name  Status File_Format        Nodes
0  configs/ne_qos_5097_1.cfg  PASSED   CISCO_IOS  ['deviceb']
                             File_Name  Status File_Format        Nodes
0  configs/en-us_task_0174456729_0.cfg  PASSED   CISCO_IOS  ['devicea']
                   File_Name  Status File_Format        Nodes
0  configs/ne_nat_0058_2.cfg  PASSED   CISCO_IOS  ['deviceb']
                  File_Name  Status File_Format    Nodes
0  configs/vrp_011535_0.cfg  PASSED   CISCO_IOS  ['pe1']
                   File_Name  Status File_Format              Nodes
0  configs/ne_atr_9100_1.cfg  PASSED   CISCO_IOS  ['ne_atr_9100_1']
                      File_Name  Status File_Format    Nodes
0  configs/ne_1588v2_5025_0.cfg  PASSED   CISCO_IOS  ['ce1']
                      File_Name  Status File_Format    Nodes
0  configs/ne_te-p2p_6006_5.cfg  PASSED   CISCO_IOS  ['ce2']
                            File_Name  Status File_Format       Nodes
0  configs/ne_ipv4_address_0066_0.cfg  PASSED   CISCO_IOS  ['huawei']
                               File_Name  Status File_Format     Nodes
0  configs/ne_cgn-reliability_0038_1.cfg  PASSED   CISCO_IOS  ['cgn1']
                      File_Name  Status File_Format          Nodes
0  configs/vrp_basic_0113_2.cfg  PASSED   CISCO_IOS  ['client002']
                      File_Name  Status File_Format   Nodes
0  configs/ne_te-p2p_6006_2.cfg  PASSED   CISCO_IOS  ['p2']
                      File_Name  Status File_Format    Nodes
0  configs/vrp_basic_0115_0.cfg  PASSED   CISCO_IOS  ['ce1']
                       File_Name  Status File_Format        Nodes
0  configs/vrp_6o4tnl_0009_2.cfg  PASSED   CISCO_IOS  ['devicec']
                      File_Name  Status File_Format    Nodes
0  configs/ne_1588v2_5023_2.cfg  PASSED   CISCO_IOS  ['pe1']
                      File_Name  Status File_Format        Nodes
0  configs/ne_loadba_2010_0.cfg  PASSED   CISCO_IOS  ['routera']
                   File_Name  Status File_Format  Nodes
0  configs/ne_qos_2006_1.cfg  PASSED   CISCO_IOS  ['p']
                     File_Name  Status File_Format        Nodes
0  configs/ne_clock_5016_2.cfg  PASSED   CISCO_IOS  ['devicec']
                   File_Name  Status File_Format        Nodes
0  configs/ne_qos_7010_1.cfg  PASSED   CISCO_IOS  ['deviceb']
                   File_Name  Status File_Format     Nodes
0  configs/ne_nat_0098_1.cfg  PASSED   CISCO_IOS  ['cgn2']
                   File_Name  Status File_Format    Nodes
0  configs/ne_qos_2006_6.cfg  PASSED   CISCO_IOS  ['ce4']
                         File_Name  Status File_Format    Nodes
0  configs/cfg_dsvpn_0016_03_0.cfg  PASSED   CISCO_IOS  ['hub']
                          File_Name  Status File_Format        Nodes
0  configs/ne_portmirror_0027_0.cfg  PASSED   CISCO_IOS  ['deviceb']
                    File_Name  Status File_Format   Nodes
0  configs/vrp_arp_2063_0.cfg  PASSED   CISCO_IOS  ['pe']
                    File_Name  Status File_Format  Nodes
0  configs/ne_lmsp_0020_2.cfg  PASSED   CISCO_IOS  ['p']
                    File_Name  Status File_Format       Nodes
0  configs/ne_ipox_0085_1.cfg  PASSED   CISCO_IOS  ['huawei']
                    File_Name  Status File_Format        Nodes
0  configs/ne_cpos_0011_1.cfg  PASSED   CISCO_IOS  ['deviceb']
                           File_Name  Status File_Format  Nodes
0  configs/ne_clock_5021_x8x16_2.cfg  PASSED   CISCO_IOS  ['p']
                      File_Name  Status File_Format           Nodes
0  configs/vrp_basic_0120_0.cfg  PASSED   CISCO_IOS  ['ssh_server']
                               File_Name  Status File_Format   Nodes
0  configs/ne_cgn-reliability_0041_2.cfg  PASSED   CISCO_IOS  ['cr']
                      File_Name  Status File_Format       Nodes
0  configs/cfg_dsvpn_0017_1.cfg  PASSED   CISCO_IOS  ['spoke1']
                    File_Name  Status File_Format    Nodes
0  configs/ne_esqm_0003_1.cfg  PASSED   CISCO_IOS  ['spe']
                     File_Name  Status File_Format    Nodes
0  configs/ne_pppox_0286_0.cfg  PASSED   CISCO_IOS  ['pe1']
                   File_Name  Status File_Format        Nodes
0  configs/ne_ppp_0023_0.cfg  PASSED   CISCO_IOS  ['devicea']
                  File_Name  Status File_Format    Nodes
0  configs/vrp_011580_2.cfg  PASSED   CISCO_IOS  ['ce2']
                      File_Name  Status File_Format          Nodes
0  configs/vrp_basic_0124_1.cfg  PASSED   CISCO_IOS  ['client001']
                       File_Name  Status File_Format     Nodes
0  configs/ne_gps-sfp_9017_0.cfg  PASSED   CISCO_IOS  ['asg1']
                         File_Name  Status File_Format    Nodes
0  configs/cfg_dsvpn_0015_02_0.cfg  PASSED   CISCO_IOS  ['hub']
                    File_Name  Status File_Format               Nodes
0  configs/ne_lmsp_0024_3.cfg  PASSED   CISCO_IOS  ['ne_lmsp_0024_3']
                  File_Name  Status File_Format    Nodes
0  configs/vrp_011548_2.cfg  PASSED   CISCO_IOS  ['pe2']
                   File_Name  Status File_Format        Nodes
0  configs/ne_qos_0072_0.cfg  PASSED   CISCO_IOS  ['devicea']
                  File_Name  Status File_Format    Nodes
0  configs/vrp_011569_3.cfg  PASSED   CISCO_IOS  ['ce2']
                  File_Name  Status File_Format    Nodes
0  configs/vrp_011561_0.cfg  PASSED   CISCO_IOS  ['pe1']
                       File_Name  Status File_Format        Nodes
0  configs/vrp_6o4tnl_0011_1.cfg  PASSED   CISCO_IOS  ['deviceb']
                  File_Name  Status File_Format    Nodes
0  configs/vrp_011540_1.cfg  PASSED   CISCO_IOS  ['ce2']
                      File_Name  Status File_Format        Nodes
0  configs/ne_l2tp_013513_1.cfg  PASSED   CISCO_IOS  ['deviceb']
                   File_Name  Status File_Format        Nodes
0  configs/ne_pos_0013_0.cfg  PASSED   CISCO_IOS  ['devicea']
                  File_Name  Status File_Format    Nodes
0  configs/vrp_011580_3.cfg  PASSED   CISCO_IOS  ['pe2']
                     File_Name  Status File_Format  Nodes
0  configs/ne_pppox_0286_1.cfg  PASSED   CISCO_IOS  ['p']
                    File_Name  Status File_Format    Nodes
0  configs/ne_esqm_0003_0.cfg  PASSED   CISCO_IOS  ['upe']
                      File_Name  Status File_Format        Nodes
0  configs/ne_ipoxv6_0001_0.cfg  PASSED   CISCO_IOS  ['devicea']
                   File_Name  Status File_Format        Nodes
0  configs/ne_ppp_0023_1.cfg  PASSED   CISCO_IOS  ['deviceb']
                      File_Name  Status File_Format    Nodes
0  configs/cfg_dsvpn_0017_0.cfg  PASSED   CISCO_IOS  ['hub']
                      File_Name  Status File_Format          Nodes
0  configs/vrp_basic_0120_1.cfg  PASSED   CISCO_IOS  ['client001']
                    File_Name  Status File_Format        Nodes
0  configs/ne_cpos_0011_0.cfg  PASSED   CISCO_IOS  ['devicea']
                    File_Name  Status File_Format   Nodes
0  configs/vrp_arp_2063_1.cfg  PASSED   CISCO_IOS  ['ce']
                      File_Name  Status File_Format        Nodes
0  configs/ne_1588v2_5037_2.cfg  PASSED   CISCO_IOS  ['devicec']
                   File_Name  Status File_Format        Nodes
0  configs/ne_pos_0013_1.cfg  PASSED   CISCO_IOS  ['deviceb']
                         File_Name  Status File_Format       Nodes
0  configs/cfg_dsvpn_0015_00_2.cfg  PASSED   CISCO_IOS  ['spoke2']
                         File_Name  Status File_Format        Nodes
0  configs/ne_pppoe_0013_vpn_1.cfg  PASSED   CISCO_IOS  ['devicea']
                     File_Name  Status File_Format       Nodes
0  configs/ne_pppoe_0015_1.cfg  PASSED   CISCO_IOS  ['device']
                   File_Name  Status File_Format        Nodes
0  configs/ne_qos_0072_1.cfg  PASSED   CISCO_IOS  ['devicec']
                  File_Name  Status File_Format    Nodes
0  configs/vrp_011548_3.cfg  PASSED   CISCO_IOS  ['ce1']
                  File_Name  Status File_Format    Nodes
0  configs/vrp_011569_2.cfg  PASSED   CISCO_IOS  ['ce1']
                  File_Name  Status File_Format    Nodes
0  configs/vrp_011561_1.cfg  PASSED   CISCO_IOS  ['pe2']
                  File_Name  Status File_Format    Nodes
0  configs/vrp_011540_0.cfg  PASSED   CISCO_IOS  ['ce1']
                      File_Name  Status File_Format        Nodes
0  configs/ne_l2tp_013513_0.cfg  PASSED   CISCO_IOS  ['devicea']
                       File_Name  Status File_Format        Nodes
0  configs/vrp_6o4tnl_0011_0.cfg  PASSED   CISCO_IOS  ['devicea']
                    File_Name  Status File_Format               Nodes
0  configs/ne_lmsp_0024_2.cfg  PASSED   CISCO_IOS  ['ne_lmsp_0024_2']
                         File_Name  Status File_Format       Nodes
0  configs/cfg_dsvpn_0015_02_1.cfg  PASSED   CISCO_IOS  ['spoke1']
                  File_Name  Status File_Format    Nodes
0  configs/vrp_011548_4.cfg  PASSED   CISCO_IOS  ['ce2']
                       File_Name  Status File_Format     Nodes
0  configs/ne_gps-sfp_9017_1.cfg  PASSED   CISCO_IOS  ['asg2']
                    File_Name  Status File_Format       Nodes
0  configs/vrp_arp_2019_1.cfg  PASSED   CISCO_IOS  ['device']
                   File_Name  Status File_Format     Nodes
0  configs/ne_nat_0097_1.cfg  PASSED   CISCO_IOS  ['nata']
                    File_Name  Status File_Format    Nodes
0  configs/vrp_arp_2072_1.cfg  PASSED   CISCO_IOS  ['ce1']
                     File_Name  Status File_Format   Nodes
0  configs/vrp_acl4_0075_0.cfg  PASSED   CISCO_IOS  ['pe']
                  File_Name  Status File_Format    Nodes
0  configs/vrp_011536_2.cfg  PASSED   CISCO_IOS  ['pe2']
                    File_Name  Status File_Format        Nodes
0  configs/vrp_arp_2095_1.cfg  PASSED   CISCO_IOS  ['deviceb']
                      File_Name  Status File_Format           Nodes
0  configs/vrp_basic_0110_0.cfg  PASSED   CISCO_IOS  ['ssh_server']
                   File_Name  Status File_Format    Nodes
0  configs/ne_qos_5079_3.cfg  PASSED   CISCO_IOS  ['ce2']
                  File_Name  Status File_Format    Nodes
0  configs/vrp_011534_1.cfg  PASSED   CISCO_IOS  ['pe2']
                               File_Name  Status File_Format     Nodes
0  configs/ne_cgn-reliability_0039_0.cfg  PASSED   CISCO_IOS  ['cgn1']
                      File_Name  Status File_Format          Nodes
0  configs/vrp_basic_0114_1.cfg  PASSED   CISCO_IOS  ['client001']
                      File_Name  Status File_Format    Nodes
0  configs/ne_g82751_9008_0.cfg  PASSED   CISCO_IOS  ['pe1']
                     File_Name  Status File_Format        Nodes
0  configs/ne_clock_5015_0.cfg  PASSED   CISCO_IOS  ['devicea']
                             File_Name  Status File_Format    Nodes
0  configs/en-us_task_0187745854_0.cfg  PASSED   CISCO_IOS  ['ce1']
                             File_Name  Status File_Format          Nodes
0  configs/ne_mpls-l3vpn-v4_0016_5.cfg  PASSED   CISCO_IOS  ['pe-router']
                             File_Name  Status File_Format  Nodes
0  configs/ne_traff-supress_5011_3.cfg  PASSED   CISCO_IOS  ['p']
                      File_Name  Status File_Format   Nodes
0  configs/ne_te-p2p_6003_2.cfg  PASSED   CISCO_IOS  ['p3']
                    File_Name  Status File_Format        Nodes
0  configs/ne_prbs_0007_1.cfg  PASSED   CISCO_IOS  ['deviceb']
                   File_Name  Status File_Format    Nodes
0  configs/ne_qos_0069_1.cfg  PASSED   CISCO_IOS  ['pe1']
                             File_Name  Status File_Format    Nodes
0  configs/ne_traff-supress_5011_4.cfg  PASSED   CISCO_IOS  ['pe2']
                         File_Name  Status File_Format       Nodes
0  configs/cfg_dsvpn_0016_02_1.cfg  PASSED   CISCO_IOS  ['spoke1']
                             File_Name  Status File_Format    Nodes
0  configs/ne_mpls-l3vpn-v4_0016_2.cfg  PASSED   CISCO_IOS  ['pe2']
                     File_Name  Status File_Format        Nodes
0  configs/ne_qos_013868_0.cfg  PASSED   CISCO_IOS  ['devicea']
                               File_Name  Status File_Format     Nodes
0  configs/ne_cgn-reliability_0039_1.cfg  PASSED   CISCO_IOS  ['cgn2']
                            File_Name  Status File_Format       Nodes
0  configs/ne_ipv4_address_0067_0.cfg  PASSED   CISCO_IOS  ['huawei']
                 File_Name  Status File_Format            Nodes
0  configs/ne_013596_1.cfg  PASSED   CISCO_IOS  ['ne_013596_1']
                                       File_Name  Status File_Format     Nodes
0  configs/ne_bras-multicast_cac_ipv6_0004_1.cfg  PASSED   CISCO_IOS  ['bras']
                  File_Name  Status File_Format    Nodes
0  configs/vrp_011534_0.cfg  PASSED   CISCO_IOS  ['pe1']
                   File_Name  Status File_Format    Nodes
0  configs/ne_qos_5079_2.cfg  PASSED   CISCO_IOS  ['ce1']
                      File_Name  Status File_Format   Nodes
0  configs/ne_te-p2p_6005_1.cfg  PASSED   CISCO_IOS  ['p1']
                    File_Name  Status File_Format        Nodes
0  configs/vrp_arp_2095_0.cfg  PASSED   CISCO_IOS  ['devicea']
                      File_Name  Status File_Format          Nodes
0  configs/vrp_basic_0110_1.cfg  PASSED   CISCO_IOS  ['client001']
                    File_Name   Status File_Format Nodes
0  configs/vrp_aaa_1024_1.cfg  UNKNOWN     UNKNOWN    []
Empty DataFrame
Columns: [Filename, Line, Text, Parser_Context, Comment]
Index: []
                     File_Name  Status File_Format    Nodes
0  configs/vrp_acl4_0075_1.cfg  PASSED   CISCO_IOS  ['ce1']
                    File_Name  Status File_Format   Nodes
0  configs/vrp_arp_2072_0.cfg  PASSED   CISCO_IOS  ['pe']
                             File_Name  Status File_Format    Nodes
0  configs/ne_mpls-l3vpn-v4_0016_3.cfg  PASSED   CISCO_IOS  ['ce2']
                         File_Name  Status File_Format    Nodes
0  configs/cfg_dsvpn_0016_02_0.cfg  PASSED   CISCO_IOS  ['hub']
                    File_Name  Status File_Format        Nodes
0  configs/ne_prbs_0007_0.cfg  PASSED   CISCO_IOS  ['devicea']
                      File_Name  Status File_Format       Nodes
0  configs/ne_l2tp_013508_1.cfg  PASSED   CISCO_IOS  ['device']
                      File_Name  Status File_Format    Nodes
0  configs/ne_te-p2p_6003_4.cfg  PASSED   CISCO_IOS  ['pe2']
                             File_Name  Status File_Format    Nodes
0  configs/ne_traff-supress_5011_2.cfg  PASSED   CISCO_IOS  ['pe1']
                             File_Name  Status File_Format    Nodes
0  configs/ne_mpls-l3vpn-v4_0016_4.cfg  PASSED   CISCO_IOS  ['ce3']
                      File_Name  Status File_Format   Nodes
0  configs/ne_te-p2p_6003_3.cfg  PASSED   CISCO_IOS  ['p2']
                      File_Name  Status File_Format    Nodes
0  configs/ne_g82751_9008_1.cfg  PASSED   CISCO_IOS  ['pe2']
                             File_Name  Status File_Format    Nodes
0  configs/en-us_task_0187745854_1.cfg  PASSED   CISCO_IOS  ['pe1']
                     File_Name  Status File_Format        Nodes
0  configs/ne_clock_5015_1.cfg  PASSED   CISCO_IOS  ['deviceb']
                      File_Name  Status File_Format           Nodes
0  configs/vrp_basic_0114_0.cfg  PASSED   CISCO_IOS  ['ssh_server']
                                  File_Name  Status File_Format     Nodes
0  configs/ne_bras-multicast_cac_0004_1.cfg  PASSED   CISCO_IOS  ['bras']
                       File_Name  Status File_Format        Nodes
0  configs/ne_ds-lite_0094_0.cfg  PASSED   CISCO_IOS  ['ds-lite']
                   File_Name  Status File_Format        Nodes
0  configs/ne_ppp_0022_0.cfg  PASSED   CISCO_IOS  ['devicea']
                            File_Name  Status File_Format       Nodes
0  configs/ne_ipv6_address_0087_1.cfg  PASSED   CISCO_IOS  ['device']
                               File_Name  Status File_Format     Nodes
0  configs/ne_cgn-reliability_0023_1.cfg  PASSED   CISCO_IOS  ['cgn2']
                      File_Name  Status File_Format           Nodes
0  configs/vrp_basic_0121_0.cfg  PASSED   CISCO_IOS  ['ssh_server']
                   File_Name  Status File_Format        Nodes
0  configs/ne_qos_2038_1.cfg  PASSED   CISCO_IOS  ['deviceb']
                               File_Name  Status File_Format   Nodes
0  configs/ne_cgn-reliability_0040_2.cfg  PASSED   CISCO_IOS  ['ce']
                 File_Name  Status File_Format    Nodes
0  configs/ne_014578_0.cfg  PASSED   CISCO_IOS  ['pe1']
                         File_Name  Status File_Format     Nodes
0  configs/ne_atom-gnss_9017_1.cfg  PASSED   CISCO_IOS  ['asg2']
                    File_Name   Status File_Format Nodes
0  configs/vrp_aaa_1034_1.cfg  UNKNOWN     UNKNOWN    []
Empty DataFrame
Columns: [Filename, Line, Text, Parser_Context, Comment]
Index: []
                  File_Name  Status File_Format    Nodes
0  configs/vrp_011564_1.cfg  PASSED   CISCO_IOS  ['pe1']
                    File_Name  Status File_Format        Nodes
0  configs/vrp_arp_2062_0.cfg  PASSED   CISCO_IOS  ['devicea']
                      File_Name  Status File_Format       Nodes
0  configs/ne_l2tp_013510_2.cfg  PASSED   CISCO_IOS  ['ne40ec']
                          File_Name  Status File_Format        Nodes
0  configs/ne_portmirror_0020_2.cfg  PASSED   CISCO_IOS  ['routerc']
                   File_Name  Status File_Format       Nodes
0  configs/ne_nat_0089_1.cfg  PASSED   CISCO_IOS  ['huawei']
                    File_Name  Status File_Format   Nodes
0  configs/vrp_arp_2064_2.cfg  PASSED   CISCO_IOS  ['pe']
                          File_Name  Status File_Format    Nodes
0  configs/ne_portmirror_0028_1.cfg  PASSED   CISCO_IOS  ['pe2']
                    File_Name  Status File_Format    Nodes
0  configs/ne_vpls_5003_2.cfg  PASSED   CISCO_IOS  ['pe2']
                      File_Name  Status File_Format     Nodes
0  configs/cfg_dsvpn_0018_0.cfg  PASSED   CISCO_IOS  ['hub1']
                   File_Name  Status File_Format        Nodes
0  configs/ne_atr_9011_1.cfg  PASSED   CISCO_IOS  ['server2']
                       File_Name  Status File_Format        Nodes
0  configs/vrp_6o4tnl_0010_1.cfg  PASSED   CISCO_IOS  ['deviceb']
                  File_Name  Status File_Format    Nodes
0  configs/vrp_011541_1.cfg  PASSED   CISCO_IOS  ['ce2']
                    File_Name  Status File_Format        Nodes
0  configs/ne_ipox_0148_0.cfg  PASSED   CISCO_IOS  ['devicea']
                  File_Name  Status File_Format    Nodes
0  configs/vrp_011568_3.cfg  PASSED   CISCO_IOS  ['ce2']
                      File_Name  Status File_Format        Nodes
0  configs/ne_loadba_2009_3.cfg  PASSED   CISCO_IOS  ['routerd']
                    File_Name  Status File_Format    Nodes
0  configs/ne_vpws_5003_1.cfg  PASSED   CISCO_IOS  ['pe1']
                   File_Name  Status File_Format     Nodes
0  configs/ne_nat_0120_1.cfg  PASSED   CISCO_IOS  ['cgna']
                   File_Name  Status File_Format           Nodes
0  configs/ne_qos_5044_1.cfg  PASSED   CISCO_IOS  ['qos-router']
                      File_Name  Status File_Format        Nodes
0  configs/ne_loadba_2009_4.cfg  PASSED   CISCO_IOS  ['routere']
                         File_Name  Status File_Format    Nodes
0  configs/cfg_dsvpn_0015_03_0.cfg  PASSED   CISCO_IOS  ['hub']
                    File_Name  Status File_Format        Nodes
0  configs/vrp_arp_2062_1.cfg  PASSED   CISCO_IOS  ['deviceb']
                  File_Name  Status File_Format    Nodes
0  configs/vrp_011564_0.cfg  PASSED   CISCO_IOS  ['ce1']
                       File_Name  Status File_Format        Nodes
0  configs/vrp_6o4tnl_0014_1.cfg  PASSED   CISCO_IOS  ['devicea']
                      File_Name  Status File_Format          Nodes
0  configs/vrp_basic_0121_1.cfg  PASSED   CISCO_IOS  ['client001']
                   File_Name  Status File_Format        Nodes
0  configs/ne_qos_2038_0.cfg  PASSED   CISCO_IOS  ['devicea']
                            File_Name  Status File_Format    Nodes
0  configs/ne_error-code_000016_2.cfg  PASSED   CISCO_IOS  ['spe']
                 File_Name  Status File_Format  Nodes
0  configs/ne_014578_1.cfg  PASSED   CISCO_IOS  ['p']
                   File_Name  Status File_Format        Nodes
0  configs/ne_qos_2053_0.cfg  PASSED   CISCO_IOS  ['devicea']
                         File_Name  Status File_Format     Nodes
0  configs/ne_atom-gnss_9017_0.cfg  PASSED   CISCO_IOS  ['asg1']
                   File_Name  Status File_Format        Nodes
0  configs/ne_ppp_0022_1.cfg  PASSED   CISCO_IOS  ['deviceb']
                      File_Name  Status File_Format          Nodes
0  configs/vrp_basic_0208_2.cfg  PASSED   CISCO_IOS  ['client002']
                      File_Name  Status File_Format          Nodes
0  configs/vrp_basic_0123_2.cfg  PASSED   CISCO_IOS  ['client002']
                       File_Name  Status File_Format        Nodes
0  configs/ne_ds-lite_0094_1.cfg  PASSED   CISCO_IOS  ['ds-lite']
                   File_Name  Status File_Format              Nodes
0  configs/ne_qos_5044_0.cfg  PASSED   CISCO_IOS  ['ne_qos_5044_0']
                         File_Name  Status File_Format       Nodes
0  configs/cfg_dsvpn_0015_03_1.cfg  PASSED   CISCO_IOS  ['spoke1']
                       File_Name  Status File_Format    Nodes
0  configs/ne_pppoxv6_0056_1.cfg  PASSED   CISCO_IOS  ['ce1']
                  File_Name  Status File_Format    Nodes
0  configs/vrp_011541_0.cfg  PASSED   CISCO_IOS  ['ce1']
                       File_Name  Status File_Format        Nodes
0  configs/vrp_6o4tnl_0010_0.cfg  PASSED   CISCO_IOS  ['devicea']
                     File_Name  Status File_Format       Nodes
0  configs/vrp_acl4_0104_0.cfg  PASSED   CISCO_IOS  ['router']
                   File_Name  Status File_Format        Nodes
0  configs/ne_atr_9011_0.cfg  PASSED   CISCO_IOS  ['server1']
                      File_Name  Status File_Format        Nodes
0  configs/ne_loadba_2009_2.cfg  PASSED   CISCO_IOS  ['routerc']
                    File_Name  Status File_Format    Nodes
0  configs/ne_vpws_5003_0.cfg  PASSED   CISCO_IOS  ['ce1']
                  File_Name  Status File_Format    Nodes
0  configs/vrp_011568_2.cfg  PASSED   CISCO_IOS  ['ce1']
                      File_Name  Status File_Format     Nodes
0  configs/cfg_dsvpn_0018_1.cfg  PASSED   CISCO_IOS  ['hub2']
                     File_Name  Status File_Format        Nodes
0  configs/ne_pppoe_0014_1.cfg  PASSED   CISCO_IOS  ['devicea']
                            File_Name  Status File_Format       Nodes
0  configs/ne_ipv6_address_0089_1.cfg  PASSED   CISCO_IOS  ['device']
                          File_Name  Status File_Format    Nodes
0  configs/ne_portmirror_0028_0.cfg  PASSED   CISCO_IOS  ['pe1']
                      File_Name  Status File_Format   Nodes
0  configs/ne_te-p2p_6002_1.cfg  PASSED   CISCO_IOS  ['p1']
                   File_Name  Status File_Format    Nodes
0  configs/ne_qos_2006_3.cfg  PASSED   CISCO_IOS  ['ce1']
                          File_Name  Status File_Format    Nodes
0  configs/ne_error-code_0005_4.cfg  PASSED   CISCO_IOS  ['ce2']
                  File_Name  Status File_Format    Nodes
0  configs/vrp_011539_0.cfg  PASSED   CISCO_IOS  ['pe1']
                     File_Name  Status File_Format        Nodes
0  configs/ne_clock_5016_0.cfg  PASSED   CISCO_IOS  ['devicea']
                            File_Name  Status File_Format       Nodes
0  configs/ne_ipv6_address_0112_0.cfg  PASSED   CISCO_IOS  ['device']
                   File_Name  Status File_Format    Nodes
0  configs/ne_qos_2006_4.cfg  PASSED   CISCO_IOS  ['ce2']
                         File_Name  Status File_Format       Nodes
0  configs/cfg_dsvpn_0016_03_2.cfg  PASSED   CISCO_IOS  ['spoke2']
                      File_Name  Status File_Format  Nodes
0  configs/vrp_basic_0115_2.cfg  PASSED   CISCO_IOS  ['p']
                   File_Name  Status File_Format    Nodes
0  configs/ne_tdm_0010_1.cfg  PASSED   CISCO_IOS  ['pe2']
                       File_Name  Status File_Format        Nodes
0  configs/vrp_6o4tnl_0009_0.cfg  PASSED   CISCO_IOS  ['devicea']
                      File_Name  Status File_Format    Nodes
0  configs/ne_1588v2_5023_0.cfg  PASSED   CISCO_IOS  ['ce1']
                      File_Name  Status File_Format        Nodes
0  configs/ne_loadba_2010_2.cfg  PASSED   CISCO_IOS  ['routerc']
                  File_Name  Status File_Format    Nodes
0  configs/vrp_011533_0.cfg  PASSED   CISCO_IOS  ['pe1']
                      File_Name  Status File_Format        Nodes
0  configs/ne_l2tp_014416_0.cfg  PASSED   CISCO_IOS  ['devicea']
                    File_Name  Status File_Format        Nodes
0  configs/ne_urpf_0015_0.cfg  PASSED   CISCO_IOS  ['routera']
                      File_Name  Status File_Format    Nodes
0  configs/ne_1588v2_5025_2.cfg  PASSED   CISCO_IOS  ['pe1']
                     File_Name  Status File_Format        Nodes
0  configs/vrp_acl4_0076_0.cfg  PASSED   CISCO_IOS  ['devicea']
                   File_Name  Status File_Format   Nodes
0  configs/ne_nat_0094_1.cfg  PASSED   CISCO_IOS  ['cr']
                      File_Name  Status File_Format           Nodes
0  configs/vrp_basic_0113_0.cfg  PASSED   CISCO_IOS  ['ssh_server']
                  File_Name  Status File_Format    Nodes
0  configs/vrp_011537_1.cfg  PASSED   CISCO_IOS  ['pe1']
                         File_Name  Status File_Format        Nodes
0  configs/reuse_vrp_fr_0010_1.cfg  PASSED   CISCO_IOS  ['deviceb']
                             File_Name  Status File_Format        Nodes
0  configs/en-us_task_0174456729_2.cfg  PASSED   CISCO_IOS  ['devicec']
                   File_Name  Status File_Format        Nodes
0  configs/ne_nat_0096_2.cfg  PASSED   CISCO_IOS  ['deviceb']
                   File_Name  Status File_Format     Nodes
0  configs/ne_nat_0058_0.cfg  PASSED   CISCO_IOS  ['nata']
                             File_Name  Status File_Format        Nodes
0  configs/en-us_task_0174456729_5.cfg  PASSED   CISCO_IOS  ['devicef']
                      File_Name  Status File_Format    Nodes
0  configs/vrp_basic_0115_4.cfg  PASSED   CISCO_IOS  ['ce2']
                       File_Name  Status File_Format        Nodes
0  configs/vrp_6o4tnl_0009_1.cfg  PASSED   CISCO_IOS  ['deviceb']
                      File_Name  Status File_Format    Nodes
0  configs/ne_1588v2_5023_1.cfg  PASSED   CISCO_IOS  ['ce2']
                      File_Name  Status File_Format    Nodes
0  configs/vrp_basic_0115_3.cfg  PASSED   CISCO_IOS  ['pe2']
                   File_Name  Status File_Format    Nodes
0  configs/ne_tdm_0010_0.cfg  PASSED   CISCO_IOS  ['pe1']
                     File_Name  Status File_Format        Nodes
0  configs/ne_clock_5016_1.cfg  PASSED   CISCO_IOS  ['deviceb']
                   File_Name  Status File_Format        Nodes
0  configs/ne_qos_7010_2.cfg  PASSED   CISCO_IOS  ['devicec']
                  File_Name  Status File_Format    Nodes
0  configs/vrp_011539_1.cfg  PASSED   CISCO_IOS  ['pe2']
                   File_Name  Status File_Format    Nodes
0  configs/ne_qos_2006_5.cfg  PASSED   CISCO_IOS  ['ce3']
                               File_Name  Status File_Format          Nodes
0  configs/ne_cgn-reliability_0034_0.cfg  PASSED   CISCO_IOS  ['nat64_cgn']
                     File_Name  Status File_Format       Nodes
0  configs/ne_nat64_0042_1.cfg  PASSED   CISCO_IOS  ['huawei']
                     File_Name  Status File_Format       Nodes
0  configs/ne_8021x_0010_1.cfg  PASSED   CISCO_IOS  ['switch']
                             File_Name  Status File_Format       Nodes
0  configs/ne_traff-supress_5010_1.cfg  PASSED   CISCO_IOS  ['device']
                   File_Name  Status File_Format     Nodes
0  configs/ne_nat_0058_1.cfg  PASSED   CISCO_IOS  ['nata']
                    File_Name  Status File_Format               Nodes
0  configs/ne_bras_0010_1.cfg  PASSED   CISCO_IOS  ['ne_bras_0010_1']
                             File_Name  Status File_Format        Nodes
0  configs/en-us_task_0174456729_4.cfg  PASSED   CISCO_IOS  ['devicee']
                   File_Name  Status File_Format      Nodes
0  configs/ne_daa_0014_1.cfg  PASSED   CISCO_IOS  ['cisco']
                  File_Name  Status File_Format    Nodes
0  configs/vrp_011537_0.cfg  PASSED   CISCO_IOS  ['ce1']
                             File_Name  Status File_Format        Nodes
0  configs/en-us_task_0174456729_3.cfg  PASSED   CISCO_IOS  ['deviced']
                         File_Name  Status File_Format        Nodes
0  configs/reuse_vrp_fr_0010_0.cfg  PASSED   CISCO_IOS  ['devicea']
                      File_Name  Status File_Format          Nodes
0  configs/vrp_basic_0113_1.cfg  PASSED   CISCO_IOS  ['client001']
                      File_Name  Status File_Format   Nodes
0  configs/ne_te-p2p_6006_1.cfg  PASSED   CISCO_IOS  ['p1']
                    File_Name  Status File_Format        Nodes
0  configs/ne_urpf_0015_1.cfg  PASSED   CISCO_IOS  ['routerb']
                      File_Name  Status File_Format    Nodes
0  configs/ne_1588v2_5025_3.cfg  PASSED   CISCO_IOS  ['pe2']
                   File_Name  Status File_Format     Nodes
0  configs/ne_nat_0094_0.cfg  PASSED   CISCO_IOS  ['bras']
                      File_Name  Status File_Format        Nodes
0  configs/ne_ifm_7005_01_0.cfg  PASSED   CISCO_IOS  ['device1']
                  File_Name  Status File_Format  Nodes
0  configs/vrp_011548_1.cfg  PASSED   CISCO_IOS  ['p']
                      File_Name  Status File_Format        Nodes
0  configs/ne_l2tp_013513_2.cfg  PASSED   CISCO_IOS  ['devicec']
                      File_Name  Status File_Format          Nodes
0  configs/vrp_basic_0124_2.cfg  PASSED   CISCO_IOS  ['client002']
                    File_Name  Status File_Format    Nodes
0  configs/ne_lmsp_0024_0.cfg  PASSED   CISCO_IOS  ['pe1']
                  File_Name  Status File_Format    Nodes
0  configs/vrp_011542_1.cfg  PASSED   CISCO_IOS  ['ce2']
                      File_Name  Status File_Format       Nodes
0  configs/ne_l2tp_013511_1.cfg  PASSED   CISCO_IOS  ['device']
                       File_Name  Status File_Format        Nodes
0  configs/vrp_6o4tnl_0013_1.cfg  PASSED   CISCO_IOS  ['devicea']
                         File_Name  Status File_Format    Nodes
0  configs/cfg_dsvpn_0015_00_0.cfg  PASSED   CISCO_IOS  ['hub']
                   File_Name  Status File_Format        Nodes
0  configs/ne_qos_2054_0.cfg  PASSED   CISCO_IOS  ['devicea']
                     File_Name  Status File_Format       Nodes
0  configs/ne_pppoe_0013_1.cfg  PASSED   CISCO_IOS  ['huawei']
                      File_Name  Status File_Format   Nodes
0  configs/vrp_basic_0109_1.cfg  PASSED   CISCO_IOS  ['p2']
                    File_Name  Status File_Format    Nodes
0  configs/ne_lmsp_0020_1.cfg  PASSED   CISCO_IOS  ['pe2']
                      File_Name  Status File_Format       Nodes
0  configs/cfg_dsvpn_0017_2.cfg  PASSED   CISCO_IOS  ['spoke2']
                           File_Name  Status File_Format    Nodes
0  configs/ne_clock_5021_x8x16_1.cfg  PASSED   CISCO_IOS  ['pe2']
                      File_Name  Status File_Format        Nodes
0  configs/ne_1588v2_5037_0.cfg  PASSED   CISCO_IOS  ['devicea']
                      File_Name  Status File_Format                 Nodes
0  configs/ne_013600_vlan_1.cfg  PASSED   CISCO_IOS  ['ne_013600_vlan_1']
                  File_Name  Status File_Format    Nodes
0  configs/vrp_011580_1.cfg  PASSED   CISCO_IOS  ['pe1']
                      File_Name  Status File_Format           Nodes
0  configs/vrp_basic_0209_0.cfg  PASSED   CISCO_IOS  ['ssh_server']
                    File_Name  Status File_Format    Nodes
0  configs/ne_esqm_0003_2.cfg  PASSED   CISCO_IOS  ['npe']
                    File_Name   Status File_Format Nodes
0  configs/vrp_arp_2061_0.cfg  UNKNOWN     UNKNOWN    []
Empty DataFrame
Columns: [Filename, Line, Text, Parser_Context, Comment]
Index: []
                                File_Name  Status File_Format             Nodes
0  configs/ne_flow-recognition_0005_1.cfg  PASSED   CISCO_IOS  ['flow-monitor']
                      File_Name  Status File_Format           Nodes
0  configs/vrp_basic_0062_0.cfg  PASSED   CISCO_IOS  ['ssh_server']
                         File_Name  Status File_Format       Nodes
0  configs/cfg_dsvpn_0015_00_1.cfg  PASSED   CISCO_IOS  ['spoke1']
                     File_Name  Status File_Format        Nodes
0  configs/ne_sflow_0006_1.cfg  PASSED   CISCO_IOS  ['devicea']
                  File_Name  Status File_Format    Nodes
0  configs/vrp_011542_0.cfg  PASSED   CISCO_IOS  ['ce1']
                      File_Name   Status File_Format Nodes
0  configs/vrp_basic_0022_1.cfg  UNKNOWN     UNKNOWN    []
Empty DataFrame
Columns: [Filename, Line, Text, Parser_Context, Comment]
Index: []
                                  File_Name  Status File_Format     Nodes
0  configs/ne_bras-multicast_cac_0003_1.cfg  PASSED   CISCO_IOS  ['bras']
                    File_Name  Status File_Format             Nodes
0  configs/ne_lmsp_0024_1.cfg  PASSED   CISCO_IOS  ['is-is-router']
                         File_Name  Status File_Format       Nodes
0  configs/cfg_dsvpn_0015_02_2.cfg  PASSED   CISCO_IOS  ['spoke2']
                  File_Name  Status File_Format    Nodes
0  configs/vrp_011548_0.cfg  PASSED   CISCO_IOS  ['pe1']
                      File_Name  Status File_Format          Nodes
0  configs/vrp_basic_0209_1.cfg  PASSED   CISCO_IOS  ['client001']
                    File_Name   Status File_Format Nodes
0  configs/vrp_arp_2061_1.cfg  UNKNOWN     UNKNOWN    []
Empty DataFrame
Columns: [Filename, Line, Text, Parser_Context, Comment]
Index: []
                  File_Name  Status File_Format    Nodes
0  configs/vrp_011580_0.cfg  PASSED   CISCO_IOS  ['ce1']
                       File_Name  Status File_Format   Nodes
0  configs/ne_pppoxv6_0070_1.cfg  PASSED   CISCO_IOS  ['ce']
                      File_Name  Status File_Format   Nodes
0  configs/vrp_basic_0047_0.cfg  PASSED   CISCO_IOS  ['p1']
                      File_Name  Status File_Format        Nodes
0  configs/ne_1588v2_5037_1.cfg  PASSED   CISCO_IOS  ['deviceb']
                      File_Name  Status File_Format   Nodes
0  configs/vrp_basic_0109_0.cfg  PASSED   CISCO_IOS  ['p1']
                           File_Name  Status File_Format    Nodes
0  configs/ne_clock_5021_x8x16_0.cfg  PASSED   CISCO_IOS  ['pe1']
                      File_Name  Status File_Format          Nodes
0  configs/vrp_basic_0120_2.cfg  PASSED   CISCO_IOS  ['client002']
                    File_Name  Status File_Format    Nodes
0  configs/ne_lmsp_0020_0.cfg  PASSED   CISCO_IOS  ['pe1']
8
配置语法检测结果保存至syntactic_check/config_data_400/error_info/Cisco_error_syntax.json
                    File_Name  Status   File_Format    Nodes
0  configs/ne_lmsp_0024_0.cfg  PASSED  FLAT_JUNIPER  ['pe1']
                      File_Name  Status   File_Format        Nodes
0  configs/ne_1588v2_5037_0.cfg  PASSED  FLAT_JUNIPER  ['devicea']
                      File_Name  Status   File_Format   Nodes
0  configs/vrp_basic_0109_1.cfg  PASSED  FLAT_JUNIPER  ['p2']
                  File_Name  Status   File_Format    Nodes
0  configs/vrp_011564_0.cfg  PASSED  FLAT_JUNIPER  ['ce1']
                         File_Name  Status   File_Format        Nodes
0  configs/reuse_vrp_fr_0010_1.cfg  PASSED  FLAT_JUNIPER  ['deviceb']
                      File_Name  Status   File_Format       Nodes
0  configs/cfg_dsvpn_0017_2.cfg  PASSED  FLAT_JUNIPER  ['spoke2']
                   File_Name  Status   File_Format     Nodes
0  configs/ne_nat_0095_0.cfg  PASSED  FLAT_JUNIPER  ['nata']
                      File_Name  Status   File_Format           Nodes
0  configs/vrp_basic_0209_0.cfg  PASSED  FLAT_JUNIPER  ['ssh_server']
                     File_Name  Status   File_Format       Nodes
0  configs/ne_pppoe_0013_1.cfg  PASSED  FLAT_JUNIPER  ['huawei']
                   File_Name  Status   File_Format    Nodes
0  configs/ne_qos_5079_1.cfg  PASSED  FLAT_JUNIPER  ['pe2']
                   File_Name  Status   File_Format     Nodes
0  configs/ne_nat_0059_1.cfg  PASSED  FLAT_JUNIPER  ['nata']
                       File_Name  Status   File_Format        Nodes
0  configs/vrp_6o4tnl_0009_0.cfg  PASSED  FLAT_JUNIPER  ['devicea']
                   File_Name  Status   File_Format        Nodes
0  configs/ne_qos_0025_0.cfg  PASSED  FLAT_JUNIPER  ['devicea']
                      File_Name  Status   File_Format        Nodes
0  configs/ne_013600_vlan_1.cfg  PASSED  FLAT_JUNIPER  ['devicea']
                      File_Name  Status   File_Format          Nodes
0  configs/vrp_basic_0124_2.cfg  PASSED  FLAT_JUNIPER  ['client002']
                  File_Name  Status   File_Format    Nodes
0  configs/vrp_011568_2.cfg  PASSED  FLAT_JUNIPER  ['ce1']
                             File_Name  Status   File_Format    Nodes
0  configs/ne_traff-supress_5011_0.cfg  PASSED  FLAT_JUNIPER  ['ce1']
                   File_Name  Status   File_Format    Nodes
0  configs/ne_qos_0069_3.cfg  PASSED  FLAT_JUNIPER  ['pe2']
                  File_Name  Status   File_Format    Nodes
0  configs/vrp_011541_0.cfg  PASSED  FLAT_JUNIPER  ['ce1']
                      File_Name  Status   File_Format        Nodes
0  configs/ne_ifm_7005_01_0.cfg  PASSED  FLAT_JUNIPER  ['device1']
                      File_Name  Status   File_Format        Nodes
0  configs/ne_l2tp_013513_2.cfg  PASSED  FLAT_JUNIPER  ['devicec']
                   File_Name  Status   File_Format    Nodes
0  configs/ne_qos_0069_4.cfg  PASSED  FLAT_JUNIPER  ['ce2']
                    File_Name  Status   File_Format    Nodes
0  configs/ne_lmsp_0020_1.cfg  PASSED  FLAT_JUNIPER  ['pe2']
                   File_Name  Status   File_Format     Nodes
0  configs/ne_nat_0057_0.cfg  PASSED  FLAT_JUNIPER  ['nata']
                         File_Name  Status   File_Format       Nodes
0  configs/cfg_dsvpn_0016_03_2.cfg  PASSED  FLAT_JUNIPER  ['spoke2']
                             File_Name  Status   File_Format    Nodes
0  configs/en-us_task_0187745854_4.cfg  PASSED  FLAT_JUNIPER  ['pe2']
                    File_Name  Status   File_Format        Nodes
0  configs/vrp_arp_2061_0.cfg  PASSED  FLAT_JUNIPER  ['devicea']
                    File_Name  Status   File_Format    Nodes
0  configs/ne_esqm_0003_2.cfg  PASSED  FLAT_JUNIPER  ['npe']
                          File_Name  Status   File_Format    Nodes
0  configs/ne_error-code_0005_0.cfg  PASSED  FLAT_JUNIPER  ['ce1']
                             File_Name  Status   File_Format      Nodes
0  configs/en-us_task_0187745854_3.cfg  PASSED  FLAT_JUNIPER  ['asbr2']
                      File_Name  Status   File_Format       Nodes
0  configs/ne_l2tp_013511_1.cfg  PASSED  FLAT_JUNIPER  ['device']
                      File_Name  Status   File_Format   Nodes
0  configs/vrp_basic_0047_0.cfg  PASSED  FLAT_JUNIPER  ['p1']
                       File_Name  Status   File_Format        Nodes
0  configs/vrp_6o4tnl_0009_1.cfg  PASSED  FLAT_JUNIPER  ['deviceb']
                      File_Name  Status   File_Format          Nodes
0  configs/vrp_basic_0209_1.cfg  PASSED  FLAT_JUNIPER  ['client001']
                            File_Name  Status   File_Format       Nodes
0  configs/ne_ipv6_address_0112_0.cfg  PASSED  FLAT_JUNIPER  ['device']
                   File_Name  Status   File_Format    Nodes
0  configs/ne_qos_5079_0.cfg  PASSED  FLAT_JUNIPER  ['pe1']
                         File_Name  Status   File_Format        Nodes
0  configs/reuse_vrp_fr_0010_0.cfg  PASSED  FLAT_JUNIPER  ['devicea']
                      File_Name  Status   File_Format   Nodes
0  configs/vrp_basic_0109_0.cfg  PASSED  FLAT_JUNIPER  ['p1']
                  File_Name  Status   File_Format    Nodes
0  configs/vrp_011564_1.cfg  PASSED  FLAT_JUNIPER  ['pe1']
                      File_Name  Status   File_Format          Nodes
0  configs/vrp_basic_0120_2.cfg  PASSED  FLAT_JUNIPER  ['client001']
                   File_Name  Status   File_Format     Nodes
0  configs/ne_nat_0095_1.cfg  PASSED  FLAT_JUNIPER  ['nata']
                      File_Name  Status   File_Format        Nodes
0  configs/ne_1588v2_5037_1.cfg  PASSED  FLAT_JUNIPER  ['deviceb']
                    File_Name  Status   File_Format       Nodes
0  configs/ne_lmsp_0024_1.cfg  PASSED  FLAT_JUNIPER  ['device']
                             File_Name  Status   File_Format      Nodes
0  configs/en-us_task_0187745854_2.cfg  PASSED  FLAT_JUNIPER  ['asbr1']
                    File_Name  Status   File_Format        Nodes
0  configs/vrp_arp_2061_1.cfg  PASSED  FLAT_JUNIPER  ['deviceb']
                             File_Name  Status   File_Format    Nodes
0  configs/en-us_task_0187745854_5.cfg  PASSED  FLAT_JUNIPER  ['ce2']
                      File_Name  Status   File_Format           Nodes
0  configs/vrp_basic_0062_0.cfg  PASSED  FLAT_JUNIPER  ['ssh_server']
                               File_Name  Status   File_Format          Nodes
0  configs/ne_cgn-reliability_0034_0.cfg  PASSED  FLAT_JUNIPER  ['nat64_cgn']
                     File_Name  Status   File_Format        Nodes
0  configs/ne_sflow_0006_1.cfg  PASSED  FLAT_JUNIPER  ['devicea']
                   File_Name  Status   File_Format     Nodes
0  configs/ne_nat_0057_1.cfg  PASSED  FLAT_JUNIPER  ['nata']
                    File_Name  Status   File_Format    Nodes
0  configs/ne_lmsp_0020_0.cfg  PASSED  FLAT_JUNIPER  ['pe1']
                             File_Name  Status   File_Format    Nodes
0  configs/ne_mpls-l3vpn-v4_0016_0.cfg  PASSED  FLAT_JUNIPER  ['ce1']
                   File_Name Status File_Format Nodes
0  configs/ne_ztp_0010_1.cfg  EMPTY       EMPTY    []
Empty DataFrame
Columns: [Filename, Line, Text, Parser_Context, Comment]
Index: []
                  File_Name  Status   File_Format    Nodes
0  configs/vrp_011568_3.cfg  PASSED  FLAT_JUNIPER  ['ce2']
                      File_Name   Status File_Format Nodes
0  configs/vrp_basic_0022_1.cfg  UNKNOWN     UNKNOWN    []
Empty DataFrame
Columns: [Filename, Line, Text, Parser_Context, Comment]
Index: []
                   File_Name  Status   File_Format  Nodes
0  configs/ne_qos_0069_2.cfg  PASSED  FLAT_JUNIPER  ['p']
                  File_Name  Status   File_Format    Nodes
0  configs/vrp_011541_1.cfg  PASSED  FLAT_JUNIPER  ['ce2']
                             File_Name  Status   File_Format    Nodes
0  configs/ne_traff-supress_5011_1.cfg  PASSED  FLAT_JUNIPER  ['ce2']
                  File_Name  Status   File_Format    Nodes
0  configs/vrp_011534_0.cfg  PASSED  FLAT_JUNIPER  ['pe1']
                      File_Name  Status   File_Format           Nodes
0  configs/vrp_basic_0113_0.cfg  PASSED  FLAT_JUNIPER  ['ssh-server']
                      File_Name  Status   File_Format    Nodes
0  configs/ne_1588v2_5025_2.cfg  PASSED  FLAT_JUNIPER  ['pe1']
                       File_Name  Status   File_Format        Nodes
0  configs/vrp_6o4tnl_0013_1.cfg  PASSED  FLAT_JUNIPER  ['devicea']
                     File_Name  Status File_Format        Nodes
0  configs/vrp_acl4_0076_0.cfg  PASSED     JUNIPER  ['devicea']
                          File_Name  Status   File_Format        Nodes
0  configs/ne_portmirror_0027_0.cfg  PASSED  FLAT_JUNIPER  ['deviceb']
                         File_Name  Status   File_Format    Nodes
0  configs/cfg_dsvpn_0015_00_0.cfg  PASSED  FLAT_JUNIPER  ['hub']
                      File_Name  Status   File_Format   Nodes
0  configs/ne_te-p2p_6002_1.cfg  PASSED  FLAT_JUNIPER  ['p1']
                    File_Name  Status   File_Format        Nodes
0  configs/ne_urpf_0015_0.cfg  PASSED  FLAT_JUNIPER  ['routera']
                   File_Name  Status   File_Format        Nodes
0  configs/ne_ppp_0024_0.cfg  PASSED  FLAT_JUNIPER  ['devicea']
                      File_Name  Status   File_Format        Nodes
0  configs/ne_l2tp_014416_0.cfg  PASSED  FLAT_JUNIPER  ['devicea']
                      File_Name  Status   File_Format    Nodes
0  configs/ne_1588v2_5023_0.cfg  PASSED  FLAT_JUNIPER  ['ce1']
                      File_Name  Status   File_Format        Nodes
0  configs/ne_loadba_2010_2.cfg  PASSED  FLAT_JUNIPER  ['routerc']
                      File_Name  Status   File_Format  Nodes
0  configs/vrp_basic_0115_2.cfg  PASSED  FLAT_JUNIPER  ['p']
                     File_Name  Status File_Format        Nodes
0  configs/ne_clock_5016_0.cfg  PASSED     JUNIPER  ['devicea']
                                  File_Name  Status   File_Format     Nodes
0  configs/ne_bras-multicast_cac_0003_1.cfg  PASSED  FLAT_JUNIPER  ['bras']
                                File_Name  Status File_Format             Nodes
0  configs/ne_flow-recognition_0005_1.cfg  PASSED     JUNIPER  ['flow-monitor']
                  File_Name  Status   File_Format    Nodes
0  configs/vrp_011536_2.cfg  PASSED  FLAT_JUNIPER  ['pe2']
                   File_Name  Status   File_Format       Nodes
0  configs/ne_qos_0075_1.cfg  PASSED  FLAT_JUNIPER  ['huawei']
                      File_Name  Status   File_Format    Nodes
0  configs/ne_1588v2_5025_3.cfg  PASSED  FLAT_JUNIPER  ['pe2']
                   File_Name  Status   File_Format        Nodes
0  configs/ne_qos_2038_2.cfg  PASSED  FLAT_JUNIPER  ['devicec']
                  File_Name  Status   File_Format    Nodes
0  configs/vrp_011534_1.cfg  PASSED  FLAT_JUNIPER  ['pe2']
                      File_Name  Status   File_Format   Nodes
0  configs/ne_te-p2p_6006_1.cfg  PASSED  FLAT_JUNIPER  ['p1']
                      File_Name  Status   File_Format          Nodes
0  configs/vrp_basic_0113_1.cfg  PASSED  FLAT_JUNIPER  ['client001']
                   File_Name  Status   File_Format     Nodes
0  configs/ne_nat_0081_1.cfg  PASSED  FLAT_JUNIPER  ['cgna']
                      File_Name  Status   File_Format    Nodes
0  configs/vrp_basic_0115_3.cfg  PASSED  FLAT_JUNIPER  ['pe2']
                     File_Name  Status   File_Format        Nodes
0  configs/ne_clock_5016_1.cfg  PASSED  FLAT_JUNIPER  ['deviceb']
                     File_Name   Status File_Format Nodes
0  configs/ne_8021x_0010_1.cfg  UNKNOWN     UNKNOWN    []
Empty DataFrame
Columns: [Filename, Line, Text, Parser_Context, Comment]
Index: []
                       File_Name  Status   File_Format   Nodes
0  configs/ne_pppoxv6_0070_1.cfg  PASSED  FLAT_JUNIPER  ['ce']
                      File_Name  Status   File_Format    Nodes
0  configs/vrp_basic_0115_4.cfg  PASSED  FLAT_JUNIPER  ['ce2']
                     File_Name  Status   File_Format              Nodes
0  configs/ne_nat64_0042_1.cfg  PASSED  FLAT_JUNIPER  ['juniper-nat64']
                      File_Name  Status   File_Format    Nodes
0  configs/ne_1588v2_5023_1.cfg  PASSED  FLAT_JUNIPER  ['ce2']
                         File_Name  Status   File_Format       Nodes
0  configs/cfg_dsvpn_0015_02_2.cfg  PASSED  FLAT_JUNIPER  ['spoke2']
                    File_Name   Status File_Format Nodes
0  configs/ne_bras_0010_1.cfg  UNKNOWN     UNKNOWN    []
Empty DataFrame
Columns: [Filename, Line, Text, Parser_Context, Comment]
Index: []
                    File_Name  Status   File_Format        Nodes
0  configs/ne_urpf_0015_1.cfg  PASSED  FLAT_JUNIPER  ['routerb']
                   File_Name  Status   File_Format        Nodes
0  configs/ne_ppp_0024_1.cfg  PASSED  FLAT_JUNIPER  ['deviceb']
                         File_Name  Status   File_Format       Nodes
0  configs/cfg_dsvpn_0015_00_1.cfg  PASSED  FLAT_JUNIPER  ['spoke1']
                   File_Name  Status   File_Format        Nodes
0  configs/ne_qos_5006_0.cfg  PASSED  FLAT_JUNIPER  ['devicea']
                  File_Name  Status   File_Format    Nodes
0  configs/vrp_011542_0.cfg  PASSED  FLAT_JUNIPER  ['ce1']
                      File_Name  Status   File_Format     Nodes
0  configs/cfg_dsvpn_0018_0.cfg  PASSED  FLAT_JUNIPER  ['hub1']
                         File_Name  Status   File_Format       Nodes
0  configs/cfg_dsvpn_0016_02_1.cfg  PASSED  FLAT_JUNIPER  ['spoke1']
                      File_Name  Status   File_Format       Nodes
0  configs/ne_l2tp_013510_2.cfg  PASSED  FLAT_JUNIPER  ['ne40ec']
                            File_Name  Status   File_Format       Nodes
0  configs/ne_ipv4_address_0067_0.cfg  PASSED  FLAT_JUNIPER  ['huawei']
                   File_Name  Status   File_Format     Nodes
0  configs/ne_nat_0098_1.cfg  PASSED  FLAT_JUNIPER  ['cgn2']
                    File_Name  Status File_Format        Nodes
0  configs/vrp_aaa_1034_1.cfg  PASSED     JUNIPER  ['huaweia']
                   File_Name  Status   File_Format    Nodes
0  configs/ne_qos_2006_6.cfg  PASSED  FLAT_JUNIPER  ['ce4']
                   File_Name  Status   File_Format        Nodes
0  configs/ne_qos_7010_1.cfg  PASSED  FLAT_JUNIPER  ['deviceb']
                    File_Name  Status   File_Format         Nodes
0  configs/vrp_arp_2062_0.cfg  PASSED  FLAT_JUNIPER  ['device-a']
                      File_Name  Status   File_Format        Nodes
0  configs/ne_loadba_2009_4.cfg  PASSED  FLAT_JUNIPER  ['routere']
                  File_Name  Status   File_Format    Nodes
0  configs/vrp_011548_0.cfg  PASSED  FLAT_JUNIPER  ['pe1']
                   File_Name  Status   File_Format  Nodes
0  configs/ne_qos_2006_1.cfg  PASSED  FLAT_JUNIPER  ['p']
                      File_Name  Status   File_Format        Nodes
0  configs/ne_loadba_2009_3.cfg  PASSED  FLAT_JUNIPER  ['routerd']
                             File_Name  Status   File_Format        Nodes
0  configs/en-us_task_0174456729_1.cfg  PASSED  FLAT_JUNIPER  ['deviceb']
                    File_Name  Status   File_Format    Nodes
0  configs/ne_vpls_5003_2.cfg  PASSED  FLAT_JUNIPER  ['pe2']
                   File_Name  Status   File_Format        Nodes
0  configs/ne_nat_0058_2.cfg  PASSED  FLAT_JUNIPER  ['deviceb']
                  File_Name  Status   File_Format    Nodes
0  configs/vrp_011580_0.cfg  PASSED  FLAT_JUNIPER  ['ce1']
                 File_Name  Status   File_Format    Nodes
0  configs/ne_014578_1.cfg  PASSED  FLAT_JUNIPER  ['pe1']
                    File_Name  Status   File_Format   Nodes
0  configs/vrp_arp_2064_2.cfg  PASSED  FLAT_JUNIPER  ['pe']
                               File_Name  Status   File_Format     Nodes
0  configs/ne_cgn-reliability_0039_0.cfg  PASSED  FLAT_JUNIPER  ['cgn1']
                   File_Name  Status   File_Format        Nodes
0  configs/ne_qos_5097_1.cfg  PASSED  FLAT_JUNIPER  ['deviceb']
                   File_Name  Status   File_Format     Nodes
0  configs/ne_nat_0096_0.cfg  PASSED  FLAT_JUNIPER  ['nata']
                      File_Name  Status   File_Format           Nodes
0  configs/vrp_basic_0121_0.cfg  PASSED  FLAT_JUNIPER  ['ssh_server']
                    File_Name  Status   File_Format    Nodes
0  configs/ne_vpws_5003_1.cfg  PASSED  FLAT_JUNIPER  ['pe1']
                   File_Name  Status   File_Format           Nodes
0  configs/ne_atr_9100_1.cfg  PASSED  FLAT_JUNIPER  ['atr_device']
                    File_Name  Status   File_Format        Nodes
0  configs/ne_ipox_0148_0.cfg  PASSED  FLAT_JUNIPER  ['devicea']
                     File_Name  Status   File_Format        Nodes
0  configs/ne_pppoe_0014_1.cfg  PASSED  FLAT_JUNIPER  ['devicea']
                      File_Name  Status   File_Format        Nodes
0  configs/ne_loadba_2009_2.cfg  PASSED  FLAT_JUNIPER  ['routerc']
                   File_Name  Status   File_Format     Nodes
0  configs/ne_nat_0098_0.cfg  PASSED  FLAT_JUNIPER  ['cgn1']
                                       File_Name  Status   File_Format Nodes
0  configs/ne_bras-multicast_cac_ipv6_0006_1.cfg  FAILED  FLAT_JUNIPER    []
Empty DataFrame
Columns: [Filename, Line, Text, Parser_Context, Comment]
Index: []
                  File_Name  Status   File_Format  Nodes
0  configs/vrp_011548_1.cfg  PASSED  FLAT_JUNIPER  ['p']
                    File_Name  Status   File_Format         Nodes
0  configs/vrp_arp_2062_1.cfg  PASSED  FLAT_JUNIPER  ['device-b']
                   File_Name  Status   File_Format        Nodes
0  configs/ne_qos_7010_0.cfg  PASSED  FLAT_JUNIPER  ['devicea']
                   File_Name  Status   File_Format     Nodes
0  configs/ne_nat_0110_1.cfg  PASSED  FLAT_JUNIPER  ['nata']
                   File_Name  Status   File_Format  Nodes
0  configs/ne_tdm_0010_2.cfg  PASSED  FLAT_JUNIPER  ['p']
                  File_Name  Status   File_Format    Nodes
0  configs/vrp_011542_1.cfg  PASSED  FLAT_JUNIPER  ['ce2']
                      File_Name  Status   File_Format Nodes
0  configs/cfg_dsvpn_0018_1.cfg  FAILED  FLAT_JUNIPER    []
Empty DataFrame
Columns: [Filename, Line, Text, Parser_Context, Comment]
Index: []
                     File_Name  Status   File_Format       Nodes
0  configs/vrp_acl4_0104_0.cfg  PASSED  FLAT_JUNIPER  ['router']
                         File_Name  ...    Nodes
0  configs/cfg_dsvpn_0016_02_0.cfg  ...  ['hub']

[1 rows x 4 columns]
                          Filename  ...                      Comment
0  configs/cfg_dsvpn_0016_02_0.cfg  ...  This syntax is unrecognized
1  configs/cfg_dsvpn_0016_02_0.cfg  ...  This syntax is unrecognized

[2 rows x 5 columns]
                   File_Name  Status   File_Format    Nodes
0  configs/ne_nat_0094_2.cfg  PASSED  FLAT_JUNIPER  ['cgn']
                      File_Name  Status   File_Format          Nodes
0  configs/vrp_basic_0121_1.cfg  PASSED  FLAT_JUNIPER  ['client001']
                    File_Name  Status   File_Format    Nodes
0  configs/ne_vpws_5003_0.cfg  PASSED  FLAT_JUNIPER  ['ce1']
                   File_Name  Status   File_Format     Nodes
0  configs/ne_nat_0096_1.cfg  PASSED  FLAT_JUNIPER  ['nata']
                   File_Name  Status   File_Format        Nodes
0  configs/ne_qos_5097_0.cfg  PASSED  FLAT_JUNIPER  ['devicea']
                      File_Name  Status   File_Format          Nodes
0  configs/vrp_basic_0123_2.cfg  PASSED  FLAT_JUNIPER  ['client002']
                               File_Name  Status   File_Format     Nodes
0  configs/ne_cgn-reliability_0039_1.cfg  PASSED  FLAT_JUNIPER  ['cgn2']
                  File_Name  Status   File_Format    Nodes
0  configs/vrp_011580_1.cfg  PASSED  FLAT_JUNIPER  ['pe1']
                             File_Name  Status   File_Format        Nodes
0  configs/en-us_task_0174456729_0.cfg  PASSED  FLAT_JUNIPER  ['devicea']
                      File_Name  Status   File_Format          Nodes
0  configs/vrp_basic_0208_2.cfg  PASSED  FLAT_JUNIPER  ['client002']
                 File_Name  Status   File_Format Nodes
0  configs/ne_014578_0.cfg  FAILED  FLAT_JUNIPER    []
Empty DataFrame
Columns: [Filename, Line, Text, Parser_Context, Comment]
Index: []
                         File_Name  Status   File_Format    Nodes
0  configs/cfg_dsvpn_0015_03_0.cfg  PASSED  FLAT_JUNIPER  ['hub']
                       File_Name  Status   File_Format        Nodes
0  configs/ne_ds-lite_0094_0.cfg  PASSED  FLAT_JUNIPER  ['ds-lite']
                      File_Name  Status   File_Format    Nodes
0  configs/ne_g82751_9008_0.cfg  PASSED  FLAT_JUNIPER  ['pe1']
                    File_Name  Status   File_Format        Nodes
0  configs/vrp_arp_2095_1.cfg  PASSED  FLAT_JUNIPER  ['deviceb']
                    File_Name  Status   File_Format       Nodes
0  configs/vrp_arp_2019_1.cfg  PASSED  FLAT_JUNIPER  ['device']
                      File_Name  Status   File_Format          Nodes
0  configs/vrp_basic_0114_1.cfg  PASSED  FLAT_JUNIPER  ['client001']
                            File_Name  Status   File_Format  Nodes
0  configs/ne_error-code_000016_2.cfg  PASSED  FLAT_JUNIPER  ['p']
                     File_Name  Status   File_Format        Nodes
0  configs/ne_qos_013868_0.cfg  PASSED  FLAT_JUNIPER  ['devicea']
                   File_Name  Status   File_Format        Nodes
0  configs/ne_pos_0013_1.cfg  PASSED  FLAT_JUNIPER  ['deviceb']
                    File_Name  Status   File_Format    Nodes
0  configs/vrp_arp_2072_1.cfg  PASSED  FLAT_JUNIPER  ['ce1']
                          File_Name  Status   File_Format    Nodes
0  configs/ne_portmirror_0028_2.cfg  PASSED  FLAT_JUNIPER  ['ce1']
                          File_Name  Status File_Format        Nodes
0  configs/ne_portmirror_0020_1.cfg  PASSED     JUNIPER  ['routerb']
                     File_Name  Status   File_Format        Nodes
0  configs/ne_clock_5015_0.cfg  PASSED  FLAT_JUNIPER  ['devicea']
                  File_Name  Status   File_Format    Nodes
0  configs/vrp_011539_1.cfg  PASSED  FLAT_JUNIPER  ['pe2']
                      File_Name  Status   File_Format   Nodes
0  configs/ne_te-p2p_6003_2.cfg  PASSED  FLAT_JUNIPER  ['p3']
                   File_Name  Status   File_Format        Nodes
0  configs/ne_qos_0072_1.cfg  PASSED  FLAT_JUNIPER  ['devicec']
                      File_Name  Status   File_Format           Nodes
0  configs/vrp_basic_0110_0.cfg  PASSED  FLAT_JUNIPER  ['ssh-server']
                               File_Name  Status   File_Format     Nodes
0  configs/ne_cgn-reliability_0023_1.cfg  PASSED  FLAT_JUNIPER  ['cgn2']
                  File_Name  Status   File_Format    Nodes
0  configs/vrp_011537_0.cfg  PASSED  FLAT_JUNIPER  ['ce1']
                 File_Name   Status File_Format Nodes
0  configs/ne_013596_1.cfg  UNKNOWN     UNKNOWN    []
Empty DataFrame
Columns: [Filename, Line, Text, Parser_Context, Comment]
Index: []
                   File_Name  Status   File_Format        Nodes
0  configs/ne_ppp_0023_1.cfg  PASSED  FLAT_JUNIPER  ['deviceb']
                               File_Name  Status   File_Format   Nodes
0  configs/ne_cgn-reliability_0040_2.cfg  PASSED  FLAT_JUNIPER  ['ce']
                           File_Name  Status   File_Format    Nodes
0  configs/ne_clock_5021_x8x16_1.cfg  PASSED  FLAT_JUNIPER  ['pe2']
                         File_Name  Status   File_Format     Nodes
0  configs/ne_atom-gnss_9017_1.cfg  PASSED  FLAT_JUNIPER  ['asg2']
                     File_Name  Status   File_Format   Nodes
0  configs/vrp_acl4_0075_0.cfg  PASSED  FLAT_JUNIPER  ['pe']
                    File_Name  Status   File_Format        Nodes
0  configs/ne_prbs_0007_1.cfg  PASSED  FLAT_JUNIPER  ['deviceb']
                       File_Name  Status   File_Format        Nodes
0  configs/vrp_6o4tnl_0010_1.cfg  PASSED  FLAT_JUNIPER  ['deviceb']
                            File_Name  Status   File_Format       Nodes
0  configs/ne_ipv6_address_0089_1.cfg  PASSED  FLAT_JUNIPER  ['device']
                     File_Name  Status   File_Format Nodes
0  configs/ne_clock_5015_1.cfg  FAILED  FLAT_JUNIPER    []
Empty DataFrame
Columns: [Filename, Line, Text, Parser_Context, Comment]
Index: []
                       File_Name  Status   File_Format        Nodes
0  configs/vrp_6o4tnl_0014_1.cfg  PASSED  FLAT_JUNIPER  ['devicea']
                   File_Name  Status   File_Format        Nodes
0  configs/ne_qos_0072_0.cfg  PASSED  FLAT_JUNIPER  ['devicea']
                      File_Name  Status   File_Format   Nodes
0  configs/ne_te-p2p_6003_3.cfg  PASSED  FLAT_JUNIPER  ['p2']
                  File_Name  Status   File_Format    Nodes
0  configs/vrp_011539_0.cfg  PASSED  FLAT_JUNIPER  ['pe1']
                          File_Name  Status   File_Format    Nodes
0  configs/ne_portmirror_0028_3.cfg  PASSED  FLAT_JUNIPER  ['ce1']
                      File_Name  Status   File_Format    Nodes
0  configs/ne_te-p2p_6003_4.cfg  PASSED  FLAT_JUNIPER  ['pe2']
                      File_Name  Status   File_Format       Nodes
0  configs/ne_l2tp_013508_1.cfg  PASSED  FLAT_JUNIPER  ['device']
                          File_Name  Status   File_Format        Nodes
0  configs/ne_portmirror_0020_0.cfg  PASSED  FLAT_JUNIPER  ['routera']
                  File_Name  Status   File_Format    Nodes
0  configs/vrp_011533_0.cfg  PASSED  FLAT_JUNIPER  ['pe1']
                    File_Name  Status   File_Format       Nodes
0  configs/vrp_aaa_1024_1.cfg  PASSED  FLAT_JUNIPER  ['huawei']
                   File_Name  Status   File_Format        Nodes
0  configs/ne_pos_0013_0.cfg  PASSED  FLAT_JUNIPER  ['devicea']
                    File_Name  Status   File_Format   Nodes
0  configs/vrp_arp_2072_0.cfg  PASSED  FLAT_JUNIPER  ['pe']
                            File_Name  Status   File_Format       Nodes
0  configs/ne_ipv6_address_0087_1.cfg  PASSED  FLAT_JUNIPER  ['device']
                      File_Name  Status   File_Format           Nodes
0  configs/vrp_basic_0114_0.cfg  PASSED  FLAT_JUNIPER  ['ssh_server']
                       File_Name  Status   File_Format        Nodes
0  configs/ne_ds-lite_0094_1.cfg  PASSED  FLAT_JUNIPER  ['ds-lite']
                      File_Name                  Status   File_Format    Nodes
0  configs/ne_g82751_9008_1.cfg  PARTIALLY_UNRECOGNIZED  FLAT_JUNIPER  ['pe2']
                       Filename  ...                      Comment
0  configs/ne_g82751_9008_1.cfg  ...  This syntax is unrecognized
1  configs/ne_g82751_9008_1.cfg  ...  This syntax is unrecognized
2  configs/ne_g82751_9008_1.cfg  ...  This syntax is unrecognized
3  configs/ne_g82751_9008_1.cfg  ...  This syntax is unrecognized
4  configs/ne_g82751_9008_1.cfg  ...  This syntax is unrecognized
5  configs/ne_g82751_9008_1.cfg  ...  This syntax is unrecognized
6  configs/ne_g82751_9008_1.cfg  ...  This syntax is unrecognized
7  configs/ne_g82751_9008_1.cfg  ...  This syntax is unrecognized

[8 rows x 5 columns]
                    File_Name  Status   File_Format        Nodes
0  configs/vrp_arp_2095_0.cfg  PASSED  FLAT_JUNIPER  ['devicea']
                         File_Name  Status   File_Format       Nodes
0  configs/cfg_dsvpn_0015_03_1.cfg  PASSED  FLAT_JUNIPER  ['spoke1']
                          File_Name  Status   File_Format       Nodes
0  configs/ne_portmirror_0041_0.cfg  PASSED  FLAT_JUNIPER  ['device']
                       File_Name  Status   File_Format    Nodes
0  configs/ne_pppoxv6_0056_1.cfg  PASSED  FLAT_JUNIPER  ['ce1']
                    File_Name  Status   File_Format        Nodes
0  configs/ne_prbs_0007_0.cfg  PASSED  FLAT_JUNIPER  ['devicea']
                     File_Name                  Status   File_Format    Nodes
0  configs/vrp_acl4_0075_1.cfg  PARTIALLY_UNRECOGNIZED  FLAT_JUNIPER  ['ce1']
                      Filename  ...                      Comment
0  configs/vrp_acl4_0075_1.cfg  ...  This syntax is unrecognized
1  configs/vrp_acl4_0075_1.cfg  ...  This syntax is unrecognized

[2 rows x 5 columns]
                                  File_Name  Status   File_Format     Nodes
0  configs/ne_bras-multicast_cac_0004_1.cfg  PASSED  FLAT_JUNIPER  ['bras']
                       File_Name  Status   File_Format        Nodes
0  configs/vrp_6o4tnl_0010_0.cfg  PASSED  FLAT_JUNIPER  ['devicea']
                         File_Name  Status   File_Format     Nodes
0  configs/ne_atom-gnss_9017_0.cfg  PASSED  FLAT_JUNIPER  ['asg1']
                           File_Name  Status   File_Format    Nodes
0  configs/ne_clock_5021_x8x16_0.cfg  PASSED  FLAT_JUNIPER  ['pe1']
                      File_Name  Status   File_Format          Nodes
0  configs/vrp_basic_0110_1.cfg  PASSED  FLAT_JUNIPER  ['client001']
                      File_Name  Status   File_Format   Nodes
0  configs/ne_te-p2p_6005_1.cfg  PASSED  FLAT_JUNIPER  ['p1']
                  File_Name  Status   File_Format    Nodes
0  configs/vrp_011537_1.cfg  PASSED  FLAT_JUNIPER  ['pe1']
                   File_Name  Status   File_Format        Nodes
0  configs/ne_ppp_0023_0.cfg  PASSED  FLAT_JUNIPER  ['devicea']
                      File_Name  Status   File_Format        Nodes
0  configs/ne_l2tp_013513_1.cfg  PASSED  FLAT_JUNIPER  ['deviceb']
                    File_Name  Status   File_Format       Nodes
0  configs/ne_ipox_0085_1.cfg  PASSED  FLAT_JUNIPER  ['huawei']
                    File_Name  Status   File_Format        Nodes
0  configs/ne_cpos_0011_1.cfg  PASSED  FLAT_JUNIPER  ['deviceb']
                             File_Name  Status   File_Format    Nodes
0  configs/ne_traff-supress_5011_4.cfg  PASSED  FLAT_JUNIPER  ['pe2']
                    File_Name  Status   File_Format  Nodes
0  configs/ne_lmsp_0020_2.cfg  PASSED  FLAT_JUNIPER  ['p']
                             File_Name  Status   File_Format    Nodes
0  configs/ne_mpls-l3vpn-v4_0016_2.cfg  PASSED  FLAT_JUNIPER  ['pe2']
                    File_Name  Status   File_Format   Nodes
0  configs/vrp_arp_2063_0.cfg  PASSED  FLAT_JUNIPER  ['pe']
                      File_Name  Status   File_Format          Nodes
0  configs/vrp_basic_0124_1.cfg  PASSED  FLAT_JUNIPER  ['client001']
                             File_Name   Status File_Format Nodes
0  configs/ne_mpls-l3vpn-v4_0016_5.cfg  UNKNOWN     UNKNOWN    []
Empty DataFrame
Columns: [Filename, Line, Text, Parser_Context, Comment]
Index: []
                             File_Name  Status   File_Format  Nodes
0  configs/ne_traff-supress_5011_3.cfg  PASSED  FLAT_JUNIPER  ['p']
                            File_Name  Status   File_Format       Nodes
0  configs/ne_ipv4_address_0066_0.cfg  PASSED  FLAT_JUNIPER  ['huawei']
                             File_Name  Status   File_Format    Nodes
0  configs/en-us_task_0187745854_0.cfg  PASSED  FLAT_JUNIPER  ['ce1']
                          File_Name  Status   File_Format    Nodes
0  configs/ne_error-code_0005_4.cfg  PASSED  FLAT_JUNIPER  ['ce2']
                         File_Name  Status   File_Format       Nodes
0  configs/cfg_dsvpn_0016_03_1.cfg  PASSED  FLAT_JUNIPER  ['spoke1']
                    File_Name  Status   File_Format    Nodes
0  configs/ne_esqm_0003_1.cfg  PASSED  FLAT_JUNIPER  ['spe']
                  File_Name  Status   File_Format    Nodes
0  configs/vrp_011543_0.cfg  PASSED  FLAT_JUNIPER  ['ce1']
                  File_Name  Status   File_Format    Nodes
0  configs/vrp_011564_3.cfg  PASSED  FLAT_JUNIPER  ['pe2']
                      File_Name  Status   File_Format           Nodes
0  configs/vrp_basic_0120_0.cfg  PASSED  FLAT_JUNIPER  ['ssh-server']
                      File_Name  Status   File_Format       Nodes
0  configs/cfg_dsvpn_0017_1.cfg  PASSED  FLAT_JUNIPER  ['spoke1']
                     File_Name  Status   File_Format    Nodes
0  configs/ne_pppox_0286_0.cfg  PASSED  FLAT_JUNIPER  ['pe1']
                    File_Name  Status File_Format          Nodes
0  configs/ne_lmsp_0024_3.cfg  PASSED     JUNIPER  ['lmsp-node']
                   File_Name  Status   File_Format    Nodes
0  configs/ne_qos_5079_2.cfg  PASSED  FLAT_JUNIPER  ['ce1']
                    File_Name  Status   File_Format    Nodes
0  configs/ne_esqm_0003_0.cfg  PASSED  FLAT_JUNIPER  ['upe']
                         File_Name  Status   File_Format    Nodes
0  configs/cfg_dsvpn_0016_03_0.cfg  PASSED  FLAT_JUNIPER  ['hub']
                  File_Name  Status   File_Format    Nodes
0  configs/vrp_011543_1.cfg  PASSED  FLAT_JUNIPER  ['ce2']
                             File_Name  Status   File_Format    Nodes
0  configs/en-us_task_0187745854_1.cfg  PASSED  FLAT_JUNIPER  ['pe1']
                    File_Name  Status   File_Format   Nodes
0  configs/vrp_arp_2063_1.cfg  PASSED  FLAT_JUNIPER  ['ce']
                   File_Name  Status   File_Format    Nodes
0  configs/ne_qos_0069_1.cfg  PASSED  FLAT_JUNIPER  ['pe1']
                             File_Name  Status   File_Format    Nodes
0  configs/ne_traff-supress_5011_2.cfg  PASSED  FLAT_JUNIPER  ['pe1']
                             File_Name  Status   File_Format    Nodes
0  configs/ne_mpls-l3vpn-v4_0016_4.cfg  PASSED  FLAT_JUNIPER  ['ce3']
                     File_Name  Status   File_Format       Nodes
0  configs/ne_pppoe_0015_1.cfg  PASSED  FLAT_JUNIPER  ['device']
                    File_Name  Status   File_Format        Nodes
0  configs/ne_cpos_0011_0.cfg  PASSED  FLAT_JUNIPER  ['devicea']
                             File_Name  Status   File_Format    Nodes
0  configs/ne_mpls-l3vpn-v4_0016_3.cfg  PASSED  FLAT_JUNIPER  ['ce2']
                      File_Name  Status   File_Format        Nodes
0  configs/ne_l2tp_013513_0.cfg  PASSED  FLAT_JUNIPER  ['devicea']
                      File_Name  Status   File_Format        Nodes
0  configs/ne_ipoxv6_0001_0.cfg  PASSED  FLAT_JUNIPER  ['devicea']
                   File_Name  Status   File_Format    Nodes
0  configs/ne_qos_5079_3.cfg  PASSED  FLAT_JUNIPER  ['ce2']
                   File_Name  Status   File_Format     Nodes
0  configs/ne_nat_0097_1.cfg  PASSED  FLAT_JUNIPER  ['nata']
                       File_Name  Status   File_Format        Nodes
0  configs/vrp_6o4tnl_0009_2.cfg  PASSED  FLAT_JUNIPER  ['devicec']
                               File_Name  Status   File_Format     Nodes
0  configs/ne_cgn-reliability_0038_1.cfg  PASSED  FLAT_JUNIPER  ['cgn1']
                      File_Name  Status   File_Format        Nodes
0  configs/ne_1588v2_5037_2.cfg  PASSED  FLAT_JUNIPER  ['devicec']
                    File_Name   Status File_Format Nodes
0  configs/ne_lmsp_0024_2.cfg  UNKNOWN     UNKNOWN    []
Empty DataFrame
Columns: [Filename, Line, Text, Parser_Context, Comment]
Index: []
                  File_Name  Status   File_Format    Nodes
0  configs/vrp_011564_2.cfg  PASSED  FLAT_JUNIPER  ['ce2']
                      File_Name  Status   File_Format    Nodes
0  configs/cfg_dsvpn_0017_0.cfg  PASSED  FLAT_JUNIPER  ['hub']
                      File_Name  Status   File_Format          Nodes
0  configs/vrp_basic_0120_1.cfg  PASSED  FLAT_JUNIPER  ['client001']
                     File_Name  Status   File_Format  Nodes
0  configs/ne_pppox_0286_1.cfg  PASSED  FLAT_JUNIPER  ['p']
                  File_Name  Status   File_Format    Nodes
0  configs/vrp_011538_1.cfg  PASSED  FLAT_JUNIPER  ['pe2']
                      File_Name  Status   File_Format   Nodes
0  configs/ne_te-p2p_6002_2.cfg  PASSED  FLAT_JUNIPER  ['p2']
                   File_Name  Status   File_Format        Nodes
0  configs/ne_atr_9011_0.cfg  PASSED  FLAT_JUNIPER  ['server1']
                      File_Name  Status   File_Format        Nodes
0  configs/ne_l2tp_013509_0.cfg  PASSED  FLAT_JUNIPER  ['devicea']
                  File_Name  Status   File_Format        Nodes
0  configs/ne_mp_0007_1.cfg  PASSED  FLAT_JUNIPER  ['deviceb']
                   File_Name   Status File_Format Nodes
0  configs/ne_qos_5044_0.cfg  UNKNOWN     UNKNOWN    []
Empty DataFrame
Columns: [Filename, Line, Text, Parser_Context, Comment]
Index: []
                      File_Name  Status   File_Format    Nodes
0  configs/vrp_basic_0115_1.cfg  PASSED  FLAT_JUNIPER  ['pe1']
                     File_Name  Status   File_Format       Nodes
0  configs/ne_qos_013869_0.cfg  PASSED  FLAT_JUNIPER  ['huawei']
                     File_Name  Status   File_Format        Nodes
0  configs/ne_clock_5016_3.cfg  PASSED  FLAT_JUNIPER  ['deviced']
                  File_Name  Status   File_Format    Nodes
0  configs/vrp_011532_1.cfg  PASSED  FLAT_JUNIPER  ['pe2']
                      File_Name  Status   File_Format       Nodes
0  configs/ne_arpsec_5012_1.cfg  PASSED  FLAT_JUNIPER  ['device']
                         File_Name  Status   File_Format    Nodes
0  configs/cfg_dsvpn_0015_02_0.cfg  PASSED  FLAT_JUNIPER  ['hub']
                      File_Name  Status   File_Format        Nodes
0  configs/ne_loadba_2010_1.cfg  PASSED  FLAT_JUNIPER  ['routerb']
                      File_Name  Status   File_Format    Nodes
0  configs/ne_1588v2_5023_3.cfg  PASSED  FLAT_JUNIPER  ['pe2']
                   File_Name  Status   File_Format        Nodes
0  configs/ne_qos_2053_0.cfg  PASSED  FLAT_JUNIPER  ['devicea']
                      File_Name  Status   File_Format    Nodes
0  configs/ne_1588v2_5025_1.cfg  PASSED  FLAT_JUNIPER  ['ce2']
                       File_Name  Status   File_Format     Nodes
0  configs/ne_gps-sfp_9017_0.cfg  PASSED  FLAT_JUNIPER  ['asg1']
                      File_Name  Status   File_Format    Nodes
0  configs/ne_te-p2p_6006_4.cfg  PASSED  FLAT_JUNIPER  ['ce1']
                   File_Name  Status   File_Format        Nodes
0  configs/ne_qos_2038_0.cfg  PASSED  FLAT_JUNIPER  ['devicea']
                       File_Name  Status   File_Format        Nodes
0  configs/vrp_6o4tnl_0011_1.cfg  PASSED  FLAT_JUNIPER  ['deviceb']
                      File_Name  Status   File_Format    Nodes
0  configs/ne_te-p2p_6006_3.cfg  PASSED  FLAT_JUNIPER  ['pe2']
                   File_Name  Status   File_Format        Nodes
0  configs/ne_ppp_0022_1.cfg  PASSED  FLAT_JUNIPER  ['deviceb']
                  File_Name  Status   File_Format    Nodes
0  configs/vrp_011536_0.cfg  PASSED  FLAT_JUNIPER  ['ce1']
                               File_Name  Status   File_Format   Nodes
0  configs/ne_cgn-reliability_0041_2.cfg  PASSED  FLAT_JUNIPER  ['cr']
                    File_Name Status File_Format Nodes
0  configs/vrp_aaa_1021_1.cfg  EMPTY       EMPTY    []
Empty DataFrame
Columns: [Filename, Line, Text, Parser_Context, Comment]
Index: []
                      File_Name  Status   File_Format    Nodes
0  configs/ne_1588v2_5023_2.cfg  PASSED  FLAT_JUNIPER  ['pe1']
                      File_Name  Status   File_Format        Nodes
0  configs/ne_loadba_2010_0.cfg  PASSED  FLAT_JUNIPER  ['routera']
                         File_Name  Status   File_Format       Nodes
0  configs/cfg_dsvpn_0015_02_1.cfg  PASSED  FLAT_JUNIPER  ['spoke1']
                      File_Name  Status   File_Format    Nodes
0  configs/vrp_basic_0115_0.cfg  PASSED  FLAT_JUNIPER  ['ce1']
                     File_Name  Status   File_Format        Nodes
0  configs/ne_clock_5016_2.cfg  PASSED  FLAT_JUNIPER  ['devicec']
                  File_Name  Status   File_Format    Nodes
0  configs/vrp_011532_0.cfg  PASSED  FLAT_JUNIPER  ['pe1']
                   File_Name  Status   File_Format                Nodes
0  configs/ne_nat_0089_1.cfg  PASSED  FLAT_JUNIPER  ['srx-nat-gateway']
                         File_Name  Status   File_Format        Nodes
0  configs/ne_pppoe_0013_vpn_1.cfg  PASSED  FLAT_JUNIPER  ['devicea']
                   File_Name  Status   File_Format     Nodes
0  configs/ne_nat_0120_1.cfg  PASSED  FLAT_JUNIPER  ['cgna']
                         File_Name  Status   File_Format       Nodes
0  configs/cfg_dsvpn_0015_00_2.cfg  PASSED  FLAT_JUNIPER  ['spoke2']
                   File_Name   Status File_Format Nodes
0  configs/ne_qos_5044_1.cfg  UNKNOWN     UNKNOWN    []
Empty DataFrame
Columns: [Filename, Line, Text, Parser_Context, Comment]
Index: []
                  File_Name  Status   File_Format        Nodes
0  configs/ne_mp_0007_0.cfg  PASSED  FLAT_JUNIPER  ['devicea']
                  File_Name  Status   File_Format    Nodes
0  configs/vrp_011538_0.cfg  PASSED  FLAT_JUNIPER  ['pe1']
                   File_Name                  Status   File_Format        Nodes
0  configs/ne_atr_9011_1.cfg  PARTIALLY_UNRECOGNIZED  FLAT_JUNIPER  ['server2']
                    Filename  ...                      Comment
0  configs/ne_atr_9011_1.cfg  ...  This syntax is unrecognized
1  configs/ne_atr_9011_1.cfg  ...  This syntax is unrecognized
2  configs/ne_atr_9011_1.cfg  ...  This syntax is unrecognized
3  configs/ne_atr_9011_1.cfg  ...  This syntax is unrecognized
4  configs/ne_atr_9011_1.cfg  ...  This syntax is unrecognized
5  configs/ne_atr_9011_1.cfg  ...  This syntax is unrecognized
6  configs/ne_atr_9011_1.cfg  ...  This syntax is unrecognized

[7 rows x 5 columns]
                   File_Name  Status   File_Format        Nodes
0  configs/ne_ppp_0022_0.cfg  PASSED  FLAT_JUNIPER  ['devicea']
                  File_Name  Status   File_Format    Nodes
0  configs/vrp_011536_1.cfg  PASSED  FLAT_JUNIPER  ['pe1']
                      File_Name  Status   File_Format        Nodes
0  configs/ne_l2tp_013507_0.cfg  PASSED  FLAT_JUNIPER  ['devicea']
                       File_Name  Status   File_Format        Nodes
0  configs/vrp_6o4tnl_0011_0.cfg  PASSED  FLAT_JUNIPER  ['devicea']
                     File_Name  Status   File_Format            Nodes
0  configs/ne_qos_013867_0.cfg  PASSED  FLAT_JUNIPER  ['juniper-qos']
                      File_Name  Status   File_Format   Nodes
0  configs/ne_te-p2p_6006_2.cfg  PASSED  FLAT_JUNIPER  ['p2']
                      File_Name  Status   File_Format          Nodes
0  configs/vrp_basic_0113_2.cfg  PASSED  FLAT_JUNIPER  ['client002']
                      File_Name  Status   File_Format    Nodes
0  configs/ne_1588v2_5025_0.cfg  PASSED  FLAT_JUNIPER  ['ce1']
                   File_Name  Status   File_Format        Nodes
0  configs/ne_qos_2038_1.cfg  PASSED  FLAT_JUNIPER  ['deviceb']
                      File_Name  Status   File_Format    Nodes
0  configs/ne_te-p2p_6006_5.cfg  PASSED  FLAT_JUNIPER  ['ce1']
                       File_Name  Status   File_Format     Nodes
0  configs/ne_gps-sfp_9017_1.cfg  PASSED  FLAT_JUNIPER  ['asg2']
                    File_Name  Status   File_Format    Nodes
0  configs/vrp_arp_2064_1.cfg  PASSED  FLAT_JUNIPER  ['ce2']
                             File_Name  Status   File_Format        Nodes
0  configs/en-us_task_0174456729_5.cfg  PASSED  FLAT_JUNIPER  ['devicef']
                   File_Name  Status   File_Format        Nodes
0  configs/ne_daa_0014_1.cfg  PASSED  FLAT_JUNIPER  ['juniper']
                    File_Name  Status   File_Format  Nodes
0  configs/ne_vpls_5003_1.cfg  PASSED  FLAT_JUNIPER  ['p']
                             File_Name  Status   File_Format        Nodes
0  configs/en-us_task_0174456729_2.cfg  PASSED  FLAT_JUNIPER  ['devicec']
                   File_Name  Status   File_Format     Nodes
0  configs/ne_nat_0058_1.cfg  PASSED  FLAT_JUNIPER  ['nata']
                  File_Name  Status   File_Format    Nodes
0  configs/vrp_011580_3.cfg  PASSED  FLAT_JUNIPER  ['pe2']
                      File_Name  Status   File_Format        Nodes
0  configs/ne_l2tp_013514_0.cfg  PASSED  FLAT_JUNIPER  ['devicea']
                      File_Name  Status   File_Format           Nodes
0  configs/vrp_basic_0208_0.cfg  PASSED  FLAT_JUNIPER  ['ssh-server']
                   File_Name  Status   File_Format     Nodes
0  configs/ne_nat_0094_0.cfg  PASSED  FLAT_JUNIPER  ['bras']
                      File_Name  Status   File_Format           Nodes
0  configs/vrp_basic_0129_0.cfg  PASSED  FLAT_JUNIPER  ['ssh-server']
                    File_Name  Status   File_Format  Nodes
0  configs/ne_vpws_5003_2.cfg  PASSED  FLAT_JUNIPER  ['p']
                      File_Name  Status   File_Format        Nodes
0  configs/ne_1588v2_5036_0.cfg  PASSED  FLAT_JUNIPER  ['devicea']
                    File_Name  Status   File_Format       Nodes
0  configs/ne_ipox_0086_1.cfg  PASSED  FLAT_JUNIPER  ['huawei']
                    File_Name  ...        Nodes
0  configs/ne_cpos_0012_1.cfg  ...  ['deviceb']

[1 rows x 4 columns]
                      Filename  ...                      Comment
0   configs/ne_cpos_0012_1.cfg  ...  This syntax is unrecognized
1   configs/ne_cpos_0012_1.cfg  ...  This syntax is unrecognized
2   configs/ne_cpos_0012_1.cfg  ...  This syntax is unrecognized
3   configs/ne_cpos_0012_1.cfg  ...  This syntax is unrecognized
4   configs/ne_cpos_0012_1.cfg  ...  This syntax is unrecognized
5   configs/ne_cpos_0012_1.cfg  ...  This syntax is unrecognized
6   configs/ne_cpos_0012_1.cfg  ...  This syntax is unrecognized
7   configs/ne_cpos_0012_1.cfg  ...  This syntax is unrecognized
8   configs/ne_cpos_0012_1.cfg  ...  This syntax is unrecognized
9   configs/ne_cpos_0012_1.cfg  ...  This syntax is unrecognized
10  configs/ne_cpos_0012_1.cfg  ...  This syntax is unrecognized
11  configs/ne_cpos_0012_1.cfg  ...  This syntax is unrecognized

[12 rows x 5 columns]
                   File_Name  Status   File_Format    Nodes
0  configs/ne_tdm_0010_0.cfg  PASSED  FLAT_JUNIPER  ['pe1']
                      File_Name  Status   File_Format       Nodes
0  configs/ne_l2tp_013510_1.cfg  PASSED  FLAT_JUNIPER  ['ne40eb']
                      File_Name  Status   File_Format       Nodes
0  configs/cfg_dsvpn_0018_3.cfg  PASSED  FLAT_JUNIPER  ['spoke2']
                         File_Name  Status   File_Format       Nodes
0  configs/cfg_dsvpn_0016_02_2.cfg  PASSED  FLAT_JUNIPER  ['spoke2']
                  File_Name  Status   File_Format    Nodes
0  configs/vrp_011548_4.cfg  PASSED  FLAT_JUNIPER  ['ce2']
                      File_Name  Status   File_Format        Nodes
0  configs/ne_loadba_2009_0.cfg  PASSED  FLAT_JUNIPER  ['routera']
                  File_Name  Status   File_Format    Nodes
0  configs/vrp_011540_0.cfg  PASSED  FLAT_JUNIPER  ['ce1']
                      File_Name  Status   File_Format           Nodes
0  configs/vrp_basic_0048_0.cfg  PASSED  FLAT_JUNIPER  ['ssh-server']
                   File_Name  Status   File_Format    Nodes
0  configs/ne_qos_2006_5.cfg  PASSED  FLAT_JUNIPER  ['ce3']
                  File_Name  Status   File_Format    Nodes
0  configs/vrp_011561_1.cfg  PASSED  FLAT_JUNIPER  ['pe2']
                    File_Name  Status File_Format Nodes
0  configs/ne_ipox_0000_1.cfg  FAILED     JUNIPER    []
Empty DataFrame
Columns: [Filename, Line, Text, Parser_Context, Comment]
Index: []
                   File_Name  Status   File_Format        Nodes
0  configs/ne_qos_7010_2.cfg  PASSED  FLAT_JUNIPER  ['devicec']
                  File_Name  Status   File_Format    Nodes
0  configs/vrp_011569_2.cfg  PASSED  FLAT_JUNIPER  ['ce1']
                  File_Name  Status   File_Format    Nodes
0  configs/vrp_011548_3.cfg  PASSED  FLAT_JUNIPER  ['ce1']
                    File_Name  Status   File_Format    Nodes
0  configs/ne_vpws_5003_4.cfg  PASSED  FLAT_JUNIPER  ['ce2']
                      File_Name  Status   File_Format        Nodes
0  configs/ne_1588v2_5036_1.cfg  PASSED  FLAT_JUNIPER  ['devicec']
                   File_Name  Status   File_Format   Nodes
0  configs/ne_nat_0094_1.cfg  PASSED  FLAT_JUNIPER  ['cr']
                      File_Name  Status   File_Format          Nodes
0  configs/vrp_basic_0121_2.cfg  PASSED  FLAT_JUNIPER  ['client002']
                      File_Name  Status   File_Format           Nodes
0  configs/vrp_basic_0129_1.cfg  PASSED  FLAT_JUNIPER  ['scp_client']
                    File_Name  Status   File_Format    Nodes
0  configs/ne_vpws_5003_3.cfg  PASSED  FLAT_JUNIPER  ['pe2']
                  File_Name  Status   File_Format    Nodes
0  configs/vrp_011580_2.cfg  PASSED  FLAT_JUNIPER  ['ce2']
                   File_Name  Status   File_Format     Nodes
0  configs/ne_nat_0058_0.cfg  PASSED  FLAT_JUNIPER  ['nata']
                             File_Name  Status   File_Format        Nodes
0  configs/en-us_task_0174456729_3.cfg  PASSED  FLAT_JUNIPER  ['deviced']
                    File_Name  Status   File_Format    Nodes
0  configs/ne_vpls_5003_0.cfg  PASSED  FLAT_JUNIPER  ['pe1']
                      File_Name  Status   File_Format          Nodes
0  configs/vrp_basic_0208_1.cfg  PASSED  FLAT_JUNIPER  ['client001']
                      File_Name  Status   File_Format        Nodes
0  configs/ne_l2tp_013514_1.cfg  PASSED  FLAT_JUNIPER  ['devicec']
                   File_Name  Status   File_Format        Nodes
0  configs/ne_nat_0096_2.cfg  PASSED  FLAT_JUNIPER  ['deviceb']
                             File_Name  Status   File_Format        Nodes
0  configs/en-us_task_0174456729_4.cfg  PASSED  FLAT_JUNIPER  ['devicee']
                      File_Name  Status   File_Format          Nodes
0  configs/vrp_basic_0123_1.cfg  PASSED  FLAT_JUNIPER  ['client001']
                    File_Name  Status   File_Format    Nodes
0  configs/vrp_arp_2064_0.cfg  PASSED  FLAT_JUNIPER  ['ce1']
                  File_Name  Status   File_Format    Nodes
0  configs/vrp_011540_1.cfg  PASSED  FLAT_JUNIPER  ['ce2']
                   File_Name  Status   File_Format    Nodes
0  configs/ne_qos_2006_4.cfg  PASSED  FLAT_JUNIPER  ['ce2']
                  File_Name  Status   File_Format    Nodes
0  configs/vrp_011561_0.cfg  PASSED  FLAT_JUNIPER  ['pe1']
                             File_Name  Status   File_Format       Nodes
0  configs/ne_traff-supress_5010_1.cfg  PASSED  FLAT_JUNIPER  ['device']
                  File_Name  Status   File_Format    Nodes
0  configs/vrp_011569_3.cfg  PASSED  FLAT_JUNIPER  ['ce2']
                  File_Name  Status   File_Format    Nodes
0  configs/vrp_011548_2.cfg  PASSED  FLAT_JUNIPER  ['pe2']
                      File_Name   Status File_Format Nodes
0  configs/vrp_basic_0023_1.cfg  UNKNOWN     UNKNOWN    []
Empty DataFrame
Columns: [Filename, Line, Text, Parser_Context, Comment]
Index: []
                    File_Name  Status   File_Format        Nodes
0  configs/ne_lmsp_0021_0.cfg  PASSED  FLAT_JUNIPER  ['devicea']
                   File_Name  Status   File_Format    Nodes
0  configs/ne_qos_2006_3.cfg  PASSED  FLAT_JUNIPER  ['ce1']
                      File_Name  Status   File_Format        Nodes
0  configs/ne_loadba_2009_1.cfg  PASSED  FLAT_JUNIPER  ['routerb']
                                       File_Name  ...     Nodes
0  configs/ne_bras-multicast_cac_ipv6_0004_1.cfg  ...  ['bras']

[1 rows x 4 columns]
                      File_Name  Status   File_Format       Nodes
0  configs/cfg_dsvpn_0018_2.cfg  PASSED  FLAT_JUNIPER  ['spoke1']
                      File_Name  Status   File_Format             Nodes
0  configs/ne_l2tp_013510_0.cfg  PASSED  FLAT_JUNIPER  ['l2tp-gateway']
                    File_Name  Status   File_Format        Nodes
0  configs/ne_cpos_0012_0.cfg  PASSED  FLAT_JUNIPER  ['devicea']
                   File_Name  Status   File_Format    Nodes
0  configs/ne_tdm_0010_1.cfg  PASSED  FLAT_JUNIPER  ['pe2']
                     File_Name  Status   File_Format       Nodes
0  configs/ne_pppoe_0016_1.cfg  PASSED  FLAT_JUNIPER  ['huawei']
                           File_Name  Status   File_Format  Nodes
0  configs/ne_clock_5021_x8x16_2.cfg  PASSED  FLAT_JUNIPER  ['p']
                      File_Name  Status   File_Format    Nodes
0  configs/ne_te-p2p_6005_4.cfg  PASSED  FLAT_JUNIPER  ['ce1']
                      File_Name  Status   File_Format    Nodes
0  configs/ne_te-p2p_6005_3.cfg  PASSED  FLAT_JUNIPER  ['pe2']
                  File_Name  Status   File_Format        Nodes
0  configs/ne_e1_5007_0.cfg  PASSED  FLAT_JUNIPER  ['devicea']
                       File_Name  Status   File_Format        Nodes
0  configs/vrp_4o6tnl_0011_1.cfg  PASSED  FLAT_JUNIPER  ['deviceb']
                      File_Name  Status   File_Format                  Nodes
0  configs/vrp_basic_0112_0.cfg  PASSED  FLAT_JUNIPER  ['junos-ftp-gateway']
                    File_Name   Status File_Format Nodes
0  configs/vrp_aaa_1022_1.cfg  UNKNOWN     UNKNOWN    []
Empty DataFrame
Columns: [Filename, Line, Text, Parser_Context, Comment]
Index: []
                 File_Name  Status   File_Format       Nodes
0  configs/ne_013594_1.cfg  PASSED  FLAT_JUNIPER  ['huawei']
                  File_Name  Status   File_Format    Nodes
0  configs/vrp_011535_0.cfg  PASSED  FLAT_JUNIPER  ['pe1']
                                  File_Name  ...     Nodes
0  configs/ne_bras-multicast_cac_0002_1.cfg  ...  ['bras']

[1 rows x 4 columns]
                                   Filename  ...                      Comment
0  configs/ne_bras-multicast_cac_0002_1.cfg  ...  This syntax is unrecognized

[1 rows x 5 columns]
                      File_Name  Status   File_Format          Nodes
0  configs/vrp_basic_0114_2.cfg  PASSED  FLAT_JUNIPER  ['client002']
                            File_Name  Status   File_Format  Nodes
0  configs/ne_error-code_000016_1.cfg  PASSED  FLAT_JUNIPER  ['p']
                    File_Name  Status   File_Format    Nodes
0  configs/vrp_arp_2072_2.cfg  PASSED  FLAT_JUNIPER  ['ce1']
                    File_Name  Status File_Format       Nodes
0  configs/ne_ipox_0175_1.cfg  PASSED     JUNIPER  ['huawei']
                      File_Name  ...        Nodes
0  configs/ne_g82751_9008_3.cfg  ...  ['device2']

[1 rows x 4 columns]
                        Filename  ...                      Comment
0   configs/ne_g82751_9008_3.cfg  ...  This syntax is unrecognized
1   configs/ne_g82751_9008_3.cfg  ...  This syntax is unrecognized
2   configs/ne_g82751_9008_3.cfg  ...  This syntax is unrecognized
3   configs/ne_g82751_9008_3.cfg  ...  This syntax is unrecognized
4   configs/ne_g82751_9008_3.cfg  ...  This syntax is unrecognized
5   configs/ne_g82751_9008_3.cfg  ...  This syntax is unrecognized
6   configs/ne_g82751_9008_3.cfg  ...  This syntax is unrecognized
7   configs/ne_g82751_9008_3.cfg  ...  This syntax is unrecognized
8   configs/ne_g82751_9008_3.cfg  ...  This syntax is unrecognized
9   configs/ne_g82751_9008_3.cfg  ...  This syntax is unrecognized
10  configs/ne_g82751_9008_3.cfg  ...  This syntax is unrecognized
11  configs/ne_g82751_9008_3.cfg  ...  This syntax is unrecognized
12  configs/ne_g82751_9008_3.cfg  ...  This syntax is unrecognized
13  configs/ne_g82751_9008_3.cfg  ...  This syntax is unrecognized

[14 rows x 5 columns]
                     File_Name  Status   File_Format        Nodes
0  configs/ne_clock_5015_3.cfg  PASSED  FLAT_JUNIPER  ['deviced']
                     File_Name  Status File_Format       Nodes
0  configs/ne_qos_013801_0.cfg  PASSED     JUNIPER  ['device']
                      File_Name  Status   File_Format   Nodes
0  configs/ne_te-p2p_6003_1.cfg  PASSED  FLAT_JUNIPER  ['p1']
                          File_Name  Status   File_Format    Nodes
0  configs/ne_portmirror_0028_1.cfg  PASSED  FLAT_JUNIPER  ['pe2']
                          File_Name  Status   File_Format        Nodes
0  configs/ne_portmirror_0020_2.cfg  PASSED  FLAT_JUNIPER  ['routerc']
                      File_Name   Status File_Format Nodes
0  configs/vrp_basic_0112_1.cfg  UNKNOWN     UNKNOWN    []
Empty DataFrame
Columns: [Filename, Line, Text, Parser_Context, Comment]
Index: []
                     File_Name                  Status   File_Format    Nodes
0  configs/vrp_acl4_0075_2.cfg  PARTIALLY_UNRECOGNIZED  FLAT_JUNIPER  ['ce2']
                      Filename  ...                      Comment
0  configs/vrp_acl4_0075_2.cfg  ...  This syntax is unrecognized

[1 rows x 5 columns]
                  File_Name  Status   File_Format    Nodes
0  configs/vrp_011535_1.cfg  PASSED  FLAT_JUNIPER  ['pe2']
                       File_Name  Status   File_Format        Nodes
0  configs/vrp_4o6tnl_0011_0.cfg  PASSED  FLAT_JUNIPER  ['devicea']
                      File_Name  Status   File_Format          Nodes
0  configs/vrp_basic_0110_2.cfg  PASSED  FLAT_JUNIPER  ['client002']
                      File_Name  Status   File_Format   Nodes
0  configs/ne_te-p2p_6005_2.cfg  PASSED  FLAT_JUNIPER  ['p2']
                    File_Name  Status   File_Format        Nodes
0  configs/ne_ipox_0150_0.cfg  PASSED  FLAT_JUNIPER  ['devicea']
                  File_Name  Status   File_Format        Nodes
0  configs/ne_e1_5007_1.cfg  PASSED  FLAT_JUNIPER  ['deviceb']
                                  File_Name  Status   File_Format     Nodes
0  configs/ne_bras-multicast_cac_0006_1.cfg  PASSED  FLAT_JUNIPER  ['bras']
                  File_Name  Status   File_Format    Nodes
0  configs/vrp_011537_2.cfg  PASSED  FLAT_JUNIPER  ['pe2']
                      File_Name  Status   File_Format    Nodes
0  configs/ne_te-p2p_6005_5.cfg  PASSED  FLAT_JUNIPER  ['ce2']
                    File_Name  Status   File_Format       Nodes
0  configs/ne_ipox_0098_0.cfg  PASSED  FLAT_JUNIPER  ['huawei']
                          File_Name  Status File_Format    Nodes
0  configs/ne_portmirror_0028_0.cfg  PASSED     JUNIPER  ['pe1']
                     File_Name   Status File_Format Nodes
0  configs/ne_013600_mac_1.cfg  UNKNOWN     UNKNOWN    []
Empty DataFrame
Columns: [Filename, Line, Text, Parser_Context, Comment]
Index: []
                     File_Name  Status   File_Format        Nodes
0  configs/ne_clock_5015_2.cfg  PASSED  FLAT_JUNIPER  ['devicec']
                      File_Name  Status   File_Format        Nodes
0  configs/ne_g82751_9008_2.cfg  PASSED  FLAT_JUNIPER  ['device1']
                   File_Name  Status   File_Format        Nodes
0  configs/ne_qos_2054_0.cfg  PASSED  FLAT_JUNIPER  ['devicea']
                         File_Name  Status   File_Format       Nodes
0  configs/cfg_dsvpn_0015_03_2.cfg  PASSED  FLAT_JUNIPER  ['spoke2']
                       File_Name  Status   File_Format  Nodes
0  configs/ne_pppoxv6_0071_1.cfg  PASSED  FLAT_JUNIPER  ['p']
                     File_Name  Status File_Format       Nodes
0  configs/ne_8021x_0011_1.cfg  PASSED     JUNIPER  ['router']
                            File_Name  Status   File_Format    Nodes
0  configs/ne_error-code_000016_0.cfg  PASSED  FLAT_JUNIPER  ['upe']
27
配置语法检测结果保存至syntactic_check/config_data_400/error_info/Juniper_error_syntax.json
                      File_Name  Status File_Format        Nodes
0  configs/ne_g82751_9008_3.cfg  PASSED   CISCO_IOS  ['device2']
                  File_Name  Status File_Format    Nodes
0  configs/vrp_011532_0.cfg  PASSED   CISCO_IOS  ['pe1']
                     File_Name  Status File_Format        Nodes
0  configs/ne_clock_5015_3.cfg  PASSED   CISCO_IOS  ['deviced']
                             File_Name  Status File_Format      Nodes
0  configs/en-us_task_0187745854_3.cfg  PASSED   CISCO_IOS  ['asbr2']
                     File_Name  Status File_Format       Nodes
0  configs/ne_qos_013801_0.cfg  PASSED   CISCO_IOS  ['device']
                             File_Name  Status File_Format    Nodes
0  configs/en-us_task_0187745854_4.cfg  PASSED   CISCO_IOS  ['pe2']
                      File_Name  Status File_Format          Nodes
0  configs/vrp_basic_0114_2.cfg  PASSED   CISCO_IOS  ['client002']
                   File_Name  Status File_Format  Nodes
0  configs/ne_qos_0069_2.cfg  PASSED   CISCO_IOS  ['p']
                         File_Name  Status File_Format       Nodes
0  configs/cfg_dsvpn_0016_02_2.cfg  PASSED   CISCO_IOS  ['spoke2']
                  File_Name  Status File_Format    Nodes
0  configs/vrp_011538_0.cfg  PASSED   CISCO_IOS  ['pe1']
                    File_Name  Status File_Format               Nodes
0  configs/vrp_aaa_1022_1.cfg  PASSED   CISCO_IOS  ['vrp_aaa_1022_1']
                  File_Name  Status File_Format        Nodes
0  configs/ne_mp_0007_0.cfg  PASSED   CISCO_IOS  ['devicea']
                   File_Name Status File_Format Nodes
0  configs/ne_ztp_0010_1.cfg  EMPTY       EMPTY    []
Empty DataFrame
Columns: [Filename, Line, Text, Parser_Context, Comment]
Index: []
                             File_Name  Status File_Format    Nodes
0  configs/ne_traff-supress_5011_0.cfg  PASSED   CISCO_IOS  ['ce1']
                   File_Name  Status File_Format     Nodes
0  configs/ne_nat_0057_1.cfg  PASSED   CISCO_IOS  ['nata']
                      File_Name  Status File_Format   Nodes
0  configs/ne_te-p2p_6003_1.cfg  PASSED   CISCO_IOS  ['p1']
                   File_Name  Status File_Format    Nodes
0  configs/ne_qos_5079_0.cfg  PASSED   CISCO_IOS  ['pe1']
                      File_Name  Status File_Format    Nodes
0  configs/ne_te-p2p_6005_3.cfg  PASSED   CISCO_IOS  ['pe2']
                      File_Name  Status File_Format    Nodes
0  configs/ne_te-p2p_6005_4.cfg  PASSED   CISCO_IOS  ['ce1']
                    File_Name  Status File_Format             Nodes
0  configs/ne_ipox_0175_1.cfg  PASSED   CISCO_IOS  ['cisco_device']
                    File_Name  Status File_Format    Nodes
0  configs/vrp_arp_2072_2.cfg  PASSED   CISCO_IOS  ['ce1']
                  File_Name  Status File_Format    Nodes
0  configs/vrp_011536_1.cfg  PASSED   CISCO_IOS  ['pe1']
                      File_Name  Status File_Format                 Nodes
0  configs/vrp_basic_0112_0.cfg  PASSED   CISCO_IOS  ['vrp_basic_0112_0']
                   File_Name  Status File_Format     Nodes
0  configs/ne_nat_0095_1.cfg  PASSED   CISCO_IOS  ['nata']
                     File_Name  Status File_Format       Nodes
0  configs/ne_8021x_0011_1.cfg  PASSED   CISCO_IOS  ['router']
                   File_Name  Status File_Format     Nodes
0  configs/ne_nat_0057_0.cfg  PASSED   CISCO_IOS  ['nata']
                  File_Name  Status File_Format        Nodes
0  configs/ne_mp_0007_1.cfg  PASSED   CISCO_IOS  ['deviceb']
                             File_Name  Status File_Format    Nodes
0  configs/ne_traff-supress_5011_1.cfg  PASSED   CISCO_IOS  ['ce2']
                   File_Name  Status File_Format    Nodes
0  configs/ne_qos_0069_4.cfg  PASSED   CISCO_IOS  ['ce2']
                   File_Name  Status File_Format    Nodes
0  configs/ne_qos_0069_3.cfg  PASSED   CISCO_IOS  ['pe2']
                             File_Name  Status File_Format    Nodes
0  configs/ne_mpls-l3vpn-v4_0016_0.cfg  PASSED   CISCO_IOS  ['ce1']
                  File_Name  Status File_Format    Nodes
0  configs/vrp_011538_1.cfg  PASSED   CISCO_IOS  ['pe2']
                    File_Name  Status File_Format             Nodes
0  configs/ne_ipox_0098_0.cfg  PASSED   CISCO_IOS  ['cisco-router']
                             File_Name  Status File_Format    Nodes
0  configs/en-us_task_0187745854_5.cfg  PASSED   CISCO_IOS  ['ce2']
                    File_Name  Status File_Format        Nodes
0  configs/ne_ipox_0150_0.cfg  PASSED   CISCO_IOS  ['devicea']
                  File_Name  Status File_Format    Nodes
0  configs/vrp_011532_1.cfg  PASSED   CISCO_IOS  ['pe2']
                      File_Name  Status File_Format        Nodes
0  configs/ne_g82751_9008_2.cfg  PASSED   CISCO_IOS  ['device1']
                             File_Name  Status File_Format      Nodes
0  configs/en-us_task_0187745854_2.cfg  PASSED   CISCO_IOS  ['asbr1']
                     File_Name  Status File_Format        Nodes
0  configs/ne_clock_5015_2.cfg  PASSED   CISCO_IOS  ['devicec']
                     File_Name  Status File_Format       Nodes
0  configs/ne_013600_mac_1.cfg  PASSED   CISCO_IOS  ['huawei']
                   File_Name  Status File_Format     Nodes
0  configs/ne_nat_0095_0.cfg  PASSED   CISCO_IOS  ['nata']
                      File_Name  Status File_Format                 Nodes
0  configs/vrp_basic_0112_1.cfg  PASSED   CISCO_IOS  ['vrp_basic_0112_1']
                   File_Name  Status File_Format        Nodes
0  configs/ne_qos_0025_0.cfg  PASSED   CISCO_IOS  ['devicea']
                 File_Name  Status File_Format             Nodes
0  configs/ne_013594_1.cfg  PASSED   CISCO_IOS  ['cisco-router']
                      File_Name  Status File_Format    Nodes
0  configs/ne_te-p2p_6005_5.cfg  PASSED   CISCO_IOS  ['ce2']
                                       File_Name  Status File_Format     Nodes
0  configs/ne_bras-multicast_cac_ipv6_0006_1.cfg  PASSED   CISCO_IOS  ['bras']
                     File_Name  Status File_Format    Nodes
0  configs/vrp_acl4_0075_2.cfg  PASSED   CISCO_IOS  ['ce2']
                  File_Name  Status File_Format    Nodes
0  configs/vrp_011536_0.cfg  PASSED   CISCO_IOS  ['ce1']
                      File_Name  Status File_Format   Nodes
0  configs/ne_te-p2p_6005_2.cfg  PASSED   CISCO_IOS  ['p2']
                   File_Name  Status File_Format    Nodes
0  configs/ne_qos_5079_1.cfg  PASSED   CISCO_IOS  ['pe2']
                   File_Name  Status File_Format     Nodes
0  configs/ne_nat_0059_1.cfg  PASSED   CISCO_IOS  ['nata']
                      File_Name  Status File_Format          Nodes
0  configs/vrp_basic_0110_2.cfg  PASSED   CISCO_IOS  ['client002']
                      File_Name  Status File_Format       Nodes
0  configs/cfg_dsvpn_0018_3.cfg  PASSED   CISCO_IOS  ['spoke2']
                    File_Name  Status File_Format  Nodes
0  configs/ne_vpls_5003_1.cfg  PASSED   CISCO_IOS  ['p']
                      File_Name  Status File_Format       Nodes
0  configs/ne_l2tp_013510_1.cfg  PASSED   CISCO_IOS  ['ne40eb']
                  File_Name  Status File_Format    Nodes
0  configs/vrp_011543_1.cfg  PASSED   CISCO_IOS  ['ce2']
                          File_Name  Status File_Format        Nodes
0  configs/ne_portmirror_0020_1.cfg  PASSED   CISCO_IOS  ['routerb']
                    File_Name  Status File_Format    Nodes
0  configs/vrp_arp_2064_1.cfg  PASSED   CISCO_IOS  ['ce2']
                   File_Name  Status File_Format     Nodes
0  configs/ne_nat_0081_1.cfg  PASSED   CISCO_IOS  ['cgna']
                          File_Name  Status File_Format    Nodes
0  configs/ne_portmirror_0028_2.cfg  PASSED   CISCO_IOS  ['ce1']
                   File_Name  Status File_Format        Nodes
0  configs/ne_qos_5006_0.cfg  PASSED   CISCO_IOS  ['devicea']
                      File_Name  Status File_Format           Nodes
0  configs/vrp_basic_0048_0.cfg  PASSED   CISCO_IOS  ['ssh_server']
                       File_Name  Status File_Format        Nodes
0  configs/vrp_4o6tnl_0011_1.cfg  PASSED   CISCO_IOS  ['deviceb']
                   File_Name  Status File_Format        Nodes
0  configs/ne_ppp_0024_1.cfg  PASSED   CISCO_IOS  ['deviceb']
                    File_Name  Status File_Format  Nodes
0  configs/ne_vpws_5003_2.cfg  PASSED   CISCO_IOS  ['p']
                      File_Name  Status File_Format        Nodes
0  configs/ne_loadba_2009_0.cfg  PASSED   CISCO_IOS  ['routera']
                   File_Name  Status File_Format       Nodes
0  configs/ne_qos_0075_1.cfg  PASSED   CISCO_IOS  ['huawei']
                      File_Name  Status File_Format           Nodes
0  configs/vrp_basic_0208_0.cfg  PASSED   CISCO_IOS  ['ssh_server']
                      File_Name  Status File_Format        Nodes
0  configs/ne_l2tp_013514_0.cfg  PASSED   CISCO_IOS  ['devicea']
                    File_Name  Status File_Format             Nodes
0  configs/ne_ipox_0086_1.cfg  PASSED   CISCO_IOS  ['cisco_device']
                    File_Name  Status File_Format        Nodes
0  configs/ne_cpos_0012_1.cfg  PASSED   CISCO_IOS  ['deviceb']
                      File_Name  Status File_Format        Nodes
0  configs/ne_1588v2_5036_0.cfg  PASSED   CISCO_IOS  ['devicea']
                  File_Name  Status File_Format    Nodes
0  configs/vrp_011564_2.cfg  PASSED   CISCO_IOS  ['ce2']
                    File_Name  Status File_Format       Nodes
0  configs/ne_ipox_0000_1.cfg  PASSED   CISCO_IOS  ['huawei']
                                  File_Name  Status File_Format     Nodes
0  configs/ne_bras-multicast_cac_0006_1.cfg  PASSED   CISCO_IOS  ['bras']
                   File_Name  Status File_Format        Nodes
0  configs/ne_qos_2038_2.cfg  PASSED   CISCO_IOS  ['devicec']
                            File_Name  Status File_Format    Nodes
0  configs/ne_error-code_000016_0.cfg  PASSED   CISCO_IOS  ['upe']
                      File_Name   Status File_Format Nodes
0  configs/vrp_basic_0129_0.cfg  UNKNOWN     UNKNOWN    []
Empty DataFrame
Columns: [Filename, Line, Text, Parser_Context, Comment]
Index: []
                          File_Name  Status File_Format       Nodes
0  configs/ne_portmirror_0041_0.cfg  PASSED   CISCO_IOS  ['device']
                   File_Name  Status File_Format        Nodes
0  configs/ne_ppp_0024_0.cfg  PASSED   CISCO_IOS  ['devicea']
                    File_Name  Status File_Format    Nodes
0  configs/ne_vpws_5003_3.cfg  PASSED   CISCO_IOS  ['pe2']
                      File_Name  Status File_Format        Nodes
0  configs/ne_loadba_2009_1.cfg  PASSED   CISCO_IOS  ['routerb']
                       File_Name  Status File_Format        Nodes
0  configs/vrp_4o6tnl_0011_0.cfg  PASSED   CISCO_IOS  ['devicea']
                     File_Name  Status File_Format       Nodes
0  configs/ne_pppoe_0016_1.cfg  PASSED   CISCO_IOS  ['huawei']
                                  File_Name  Status File_Format     Nodes
0  configs/ne_bras-multicast_cac_0002_1.cfg  PASSED   CISCO_IOS  ['bras']
                         File_Name  Status File_Format       Nodes
0  configs/cfg_dsvpn_0015_03_2.cfg  PASSED   CISCO_IOS  ['spoke2']
                      File_Name  Status File_Format                 Nodes
0  configs/vrp_basic_0023_1.cfg  PASSED   CISCO_IOS  ['vrp_basic_0023_1']
                    File_Name  Status File_Format    Nodes
0  configs/ne_vpws_5003_4.cfg  PASSED   CISCO_IOS  ['ce2']
                    File_Name  Status File_Format    Nodes
0  configs/vrp_arp_2064_0.cfg  PASSED   CISCO_IOS  ['ce1']
                      File_Name  Status File_Format                 Nodes
0  configs/ne_l2tp_013510_0.cfg  PASSED   CISCO_IOS  ['ne_l2tp_013510_0']
                  File_Name  Status File_Format    Nodes
0  configs/vrp_011543_0.cfg  PASSED   CISCO_IOS  ['ce1']
                          File_Name  Status File_Format        Nodes
0  configs/ne_portmirror_0020_0.cfg  PASSED   CISCO_IOS  ['routera']
                          File_Name  Status File_Format    Nodes
0  configs/ne_portmirror_0028_3.cfg  PASSED   CISCO_IOS  ['ce1']
                    File_Name  Status File_Format    Nodes
0  configs/ne_vpls_5003_0.cfg  PASSED   CISCO_IOS  ['pe1']
                      File_Name  Status File_Format       Nodes
0  configs/cfg_dsvpn_0018_2.cfg  PASSED   CISCO_IOS  ['spoke1']
                      File_Name  Status File_Format          Nodes
0  configs/vrp_basic_0121_2.cfg  PASSED   CISCO_IOS  ['client002']
                            File_Name  Status File_Format  Nodes
0  configs/ne_error-code_000016_1.cfg  PASSED   CISCO_IOS  ['p']
                    File_Name  Status File_Format        Nodes
0  configs/ne_lmsp_0021_0.cfg  PASSED   CISCO_IOS  ['devicea']
                      File_Name  Status File_Format  Nodes
0  configs/vrp_basic_0129_1.cfg  PASSED   CISCO_IOS  ['p']
                      File_Name  Status File_Format        Nodes
0  configs/ne_1588v2_5036_1.cfg  PASSED   CISCO_IOS  ['devicec']
                  File_Name  Status File_Format    Nodes
0  configs/vrp_011564_3.cfg  PASSED   CISCO_IOS  ['pe2']
                       File_Name  Status File_Format  Nodes
0  configs/ne_pppoxv6_0071_1.cfg  PASSED   CISCO_IOS  ['p']
                    File_Name  Status File_Format        Nodes
0  configs/ne_cpos_0012_0.cfg  PASSED   CISCO_IOS  ['devicea']
                      File_Name  Status File_Format          Nodes
0  configs/vrp_basic_0123_1.cfg  PASSED   CISCO_IOS  ['client001']
                      File_Name  Status File_Format        Nodes
0  configs/ne_l2tp_013514_1.cfg  PASSED   CISCO_IOS  ['devicec']
                      File_Name  Status File_Format          Nodes
0  configs/vrp_basic_0208_1.cfg  PASSED   CISCO_IOS  ['client001']
                      File_Name  Status File_Format    Nodes
0  configs/ne_te-p2p_6006_3.cfg  PASSED   CISCO_IOS  ['pe2']
                      File_Name  Status File_Format    Nodes
0  configs/ne_1588v2_5025_1.cfg  PASSED   CISCO_IOS  ['ce2']
                  File_Name  Status File_Format    Nodes
0  configs/vrp_011535_1.cfg  PASSED   CISCO_IOS  ['pe2']
                   File_Name  Status File_Format    Nodes
0  configs/ne_nat_0094_2.cfg  PASSED   CISCO_IOS  ['cgn']
                      File_Name  Status File_Format    Nodes
0  configs/ne_te-p2p_6006_4.cfg  PASSED   CISCO_IOS  ['ce1']
                  File_Name  Status File_Format    Nodes
0  configs/vrp_011537_2.cfg  PASSED   CISCO_IOS  ['pe2']
                  File_Name  Status File_Format        Nodes
0  configs/ne_e1_5007_1.cfg  PASSED   CISCO_IOS  ['deviceb']
                             File_Name  Status File_Format        Nodes
0  configs/en-us_task_0174456729_1.cfg  PASSED   CISCO_IOS  ['deviceb']
                   File_Name  Status File_Format        Nodes
0  configs/ne_qos_5097_0.cfg  PASSED   CISCO_IOS  ['devicea']
                   File_Name  Status File_Format     Nodes
0  configs/ne_nat_0096_1.cfg  PASSED   CISCO_IOS  ['nata']
                   File_Name  Status File_Format        Nodes
0  configs/ne_qos_7010_0.cfg  PASSED   CISCO_IOS  ['devicea']
                      File_Name  Status File_Format        Nodes
0  configs/ne_l2tp_013509_0.cfg  PASSED   CISCO_IOS  ['devicea']
                     File_Name  Status File_Format        Nodes
0  configs/ne_clock_5016_3.cfg  PASSED   CISCO_IOS  ['deviced']
                     File_Name  Status File_Format       Nodes
0  configs/ne_qos_013869_0.cfg  PASSED   CISCO_IOS  ['huawei']
                   File_Name  Status File_Format     Nodes
0  configs/ne_nat_0098_0.cfg  PASSED   CISCO_IOS  ['cgn1']
                         File_Name  Status File_Format       Nodes
0  configs/cfg_dsvpn_0016_03_1.cfg  PASSED   CISCO_IOS  ['spoke1']
                      File_Name  Status File_Format   Nodes
0  configs/ne_te-p2p_6002_2.cfg  PASSED   CISCO_IOS  ['p2']
                          File_Name  Status File_Format    Nodes
0  configs/ne_error-code_0005_0.cfg  PASSED   CISCO_IOS  ['ce1']
                    File_Name Status File_Format Nodes
0  configs/vrp_aaa_1021_1.cfg  EMPTY       EMPTY    []
Empty DataFrame
Columns: [Filename, Line, Text, Parser_Context, Comment]
Index: []
                      File_Name  Status File_Format        Nodes
0  configs/ne_loadba_2010_1.cfg  PASSED   CISCO_IOS  ['routerb']
                      File_Name  Status File_Format    Nodes
0  configs/ne_1588v2_5023_3.cfg  PASSED   CISCO_IOS  ['pe2']
                      File_Name  Status File_Format    Nodes
0  configs/vrp_basic_0115_1.cfg  PASSED   CISCO_IOS  ['pe1']
                      File_Name  Status File_Format       Nodes
0  configs/ne_arpsec_5012_1.cfg  PASSED   CISCO_IOS  ['device']
                   File_Name  Status File_Format     Nodes
0  configs/ne_nat_0110_1.cfg  PASSED   CISCO_IOS  ['nata']
                   File_Name  Status File_Format  Nodes
0  configs/ne_tdm_0010_2.cfg  PASSED   CISCO_IOS  ['p']
                      File_Name  Status File_Format        Nodes
0  configs/ne_l2tp_013507_0.cfg  PASSED   CISCO_IOS  ['devicea']
                  File_Name  Status File_Format        Nodes
0  configs/ne_e1_5007_0.cfg  PASSED   CISCO_IOS  ['devicea']
                   File_Name  Status File_Format     Nodes
0  configs/ne_nat_0096_0.cfg  PASSED   CISCO_IOS  ['nata']
                     File_Name  Status File_Format       Nodes
0  configs/ne_qos_013867_0.cfg  PASSED   CISCO_IOS  ['router']
                   File_Name  Status File_Format        Nodes
0  configs/ne_qos_5097_1.cfg  PASSED   CISCO_IOS  ['deviceb']
                             File_Name  Status File_Format        Nodes
0  configs/en-us_task_0174456729_0.cfg  PASSED   CISCO_IOS  ['devicea']
                   File_Name  Status File_Format        Nodes
0  configs/ne_nat_0058_2.cfg  PASSED   CISCO_IOS  ['deviceb']
                  File_Name  Status File_Format    Nodes
0  configs/vrp_011535_0.cfg  PASSED   CISCO_IOS  ['pe1']
                   File_Name  Status File_Format              Nodes
0  configs/ne_atr_9100_1.cfg  PASSED   CISCO_IOS  ['ne_atr_9100_1']
                      File_Name  Status File_Format    Nodes
0  configs/ne_1588v2_5025_0.cfg  PASSED   CISCO_IOS  ['ce1']
                      File_Name  Status File_Format    Nodes
0  configs/ne_te-p2p_6006_5.cfg  PASSED   CISCO_IOS  ['ce2']
                            File_Name  Status File_Format       Nodes
0  configs/ne_ipv4_address_0066_0.cfg  PASSED   CISCO_IOS  ['huawei']
                               File_Name  Status File_Format     Nodes
0  configs/ne_cgn-reliability_0038_1.cfg  PASSED   CISCO_IOS  ['cgn1']
                      File_Name  Status File_Format          Nodes
0  configs/vrp_basic_0113_2.cfg  PASSED   CISCO_IOS  ['client002']
                      File_Name  Status File_Format   Nodes
0  configs/ne_te-p2p_6006_2.cfg  PASSED   CISCO_IOS  ['p2']
                      File_Name  Status File_Format    Nodes
0  configs/vrp_basic_0115_0.cfg  PASSED   CISCO_IOS  ['ce1']
                       File_Name  Status File_Format        Nodes
0  configs/vrp_6o4tnl_0009_2.cfg  PASSED   CISCO_IOS  ['devicec']
                      File_Name  Status File_Format    Nodes
0  configs/ne_1588v2_5023_2.cfg  PASSED   CISCO_IOS  ['pe1']
                      File_Name  Status File_Format        Nodes
0  configs/ne_loadba_2010_0.cfg  PASSED   CISCO_IOS  ['routera']
                   File_Name  Status File_Format  Nodes
0  configs/ne_qos_2006_1.cfg  PASSED   CISCO_IOS  ['p']
                     File_Name  Status File_Format        Nodes
0  configs/ne_clock_5016_2.cfg  PASSED   CISCO_IOS  ['devicec']
                   File_Name  Status File_Format        Nodes
0  configs/ne_qos_7010_1.cfg  PASSED   CISCO_IOS  ['deviceb']
                   File_Name  Status File_Format     Nodes
0  configs/ne_nat_0098_1.cfg  PASSED   CISCO_IOS  ['cgn2']
                   File_Name  Status File_Format    Nodes
0  configs/ne_qos_2006_6.cfg  PASSED   CISCO_IOS  ['ce4']
                         File_Name  Status File_Format    Nodes
0  configs/cfg_dsvpn_0016_03_0.cfg  PASSED   CISCO_IOS  ['hub']
                          File_Name  Status File_Format        Nodes
0  configs/ne_portmirror_0027_0.cfg  PASSED   CISCO_IOS  ['deviceb']
                    File_Name  Status File_Format   Nodes
0  configs/vrp_arp_2063_0.cfg  PASSED   CISCO_IOS  ['pe']
                    File_Name  Status File_Format  Nodes
0  configs/ne_lmsp_0020_2.cfg  PASSED   CISCO_IOS  ['p']
                    File_Name  Status File_Format       Nodes
0  configs/ne_ipox_0085_1.cfg  PASSED   CISCO_IOS  ['huawei']
                    File_Name  Status File_Format        Nodes
0  configs/ne_cpos_0011_1.cfg  PASSED   CISCO_IOS  ['deviceb']
                           File_Name  Status File_Format  Nodes
0  configs/ne_clock_5021_x8x16_2.cfg  PASSED   CISCO_IOS  ['p']
                      File_Name  Status File_Format           Nodes
0  configs/vrp_basic_0120_0.cfg  PASSED   CISCO_IOS  ['ssh_server']
                               File_Name  Status File_Format   Nodes
0  configs/ne_cgn-reliability_0041_2.cfg  PASSED   CISCO_IOS  ['cr']
                      File_Name  Status File_Format       Nodes
0  configs/cfg_dsvpn_0017_1.cfg  PASSED   CISCO_IOS  ['spoke1']
                    File_Name  Status File_Format    Nodes
0  configs/ne_esqm_0003_1.cfg  PASSED   CISCO_IOS  ['spe']
                     File_Name  Status File_Format    Nodes
0  configs/ne_pppox_0286_0.cfg  PASSED   CISCO_IOS  ['pe1']
                   File_Name  Status File_Format        Nodes
0  configs/ne_ppp_0023_0.cfg  PASSED   CISCO_IOS  ['devicea']
                  File_Name  Status File_Format    Nodes
0  configs/vrp_011580_2.cfg  PASSED   CISCO_IOS  ['ce2']
                      File_Name  Status File_Format          Nodes
0  configs/vrp_basic_0124_1.cfg  PASSED   CISCO_IOS  ['client001']
                       File_Name  Status File_Format     Nodes
0  configs/ne_gps-sfp_9017_0.cfg  PASSED   CISCO_IOS  ['asg1']
                         File_Name  Status File_Format    Nodes
0  configs/cfg_dsvpn_0015_02_0.cfg  PASSED   CISCO_IOS  ['hub']
                    File_Name  Status File_Format               Nodes
0  configs/ne_lmsp_0024_3.cfg  PASSED   CISCO_IOS  ['ne_lmsp_0024_3']
                  File_Name  Status File_Format    Nodes
0  configs/vrp_011548_2.cfg  PASSED   CISCO_IOS  ['pe2']
                   File_Name  Status File_Format        Nodes
0  configs/ne_qos_0072_0.cfg  PASSED   CISCO_IOS  ['devicea']
                  File_Name  Status File_Format    Nodes
0  configs/vrp_011569_3.cfg  PASSED   CISCO_IOS  ['ce2']
                  File_Name  Status File_Format    Nodes
0  configs/vrp_011561_0.cfg  PASSED   CISCO_IOS  ['pe1']
                       File_Name  Status File_Format        Nodes
0  configs/vrp_6o4tnl_0011_1.cfg  PASSED   CISCO_IOS  ['deviceb']
                  File_Name  Status File_Format    Nodes
0  configs/vrp_011540_1.cfg  PASSED   CISCO_IOS  ['ce2']
                      File_Name  Status File_Format        Nodes
0  configs/ne_l2tp_013513_1.cfg  PASSED   CISCO_IOS  ['deviceb']
                   File_Name  Status File_Format        Nodes
0  configs/ne_pos_0013_0.cfg  PASSED   CISCO_IOS  ['devicea']
                  File_Name  Status File_Format    Nodes
0  configs/vrp_011580_3.cfg  PASSED   CISCO_IOS  ['pe2']
                     File_Name  Status File_Format  Nodes
0  configs/ne_pppox_0286_1.cfg  PASSED   CISCO_IOS  ['p']
                    File_Name  Status File_Format    Nodes
0  configs/ne_esqm_0003_0.cfg  PASSED   CISCO_IOS  ['upe']
                      File_Name  Status File_Format        Nodes
0  configs/ne_ipoxv6_0001_0.cfg  PASSED   CISCO_IOS  ['devicea']
                   File_Name  Status File_Format        Nodes
0  configs/ne_ppp_0023_1.cfg  PASSED   CISCO_IOS  ['deviceb']
                      File_Name  Status File_Format    Nodes
0  configs/cfg_dsvpn_0017_0.cfg  PASSED   CISCO_IOS  ['hub']
                      File_Name  Status File_Format          Nodes
0  configs/vrp_basic_0120_1.cfg  PASSED   CISCO_IOS  ['client001']
                    File_Name  Status File_Format        Nodes
0  configs/ne_cpos_0011_0.cfg  PASSED   CISCO_IOS  ['devicea']
                    File_Name  Status File_Format   Nodes
0  configs/vrp_arp_2063_1.cfg  PASSED   CISCO_IOS  ['ce']
                      File_Name  Status File_Format        Nodes
0  configs/ne_1588v2_5037_2.cfg  PASSED   CISCO_IOS  ['devicec']
                   File_Name  Status File_Format        Nodes
0  configs/ne_pos_0013_1.cfg  PASSED   CISCO_IOS  ['deviceb']
                         File_Name  Status File_Format       Nodes
0  configs/cfg_dsvpn_0015_00_2.cfg  PASSED   CISCO_IOS  ['spoke2']
                         File_Name  Status File_Format        Nodes
0  configs/ne_pppoe_0013_vpn_1.cfg  PASSED   CISCO_IOS  ['devicea']
                     File_Name  Status File_Format       Nodes
0  configs/ne_pppoe_0015_1.cfg  PASSED   CISCO_IOS  ['device']
                   File_Name  Status File_Format        Nodes
0  configs/ne_qos_0072_1.cfg  PASSED   CISCO_IOS  ['devicec']
                  File_Name  Status File_Format    Nodes
0  configs/vrp_011548_3.cfg  PASSED   CISCO_IOS  ['ce1']
                  File_Name  Status File_Format    Nodes
0  configs/vrp_011569_2.cfg  PASSED   CISCO_IOS  ['ce1']
                  File_Name  Status File_Format    Nodes
0  configs/vrp_011561_1.cfg  PASSED   CISCO_IOS  ['pe2']
                  File_Name  Status File_Format    Nodes
0  configs/vrp_011540_0.cfg  PASSED   CISCO_IOS  ['ce1']
                      File_Name  Status File_Format        Nodes
0  configs/ne_l2tp_013513_0.cfg  PASSED   CISCO_IOS  ['devicea']
                       File_Name  Status File_Format        Nodes
0  configs/vrp_6o4tnl_0011_0.cfg  PASSED   CISCO_IOS  ['devicea']
                    File_Name  Status File_Format               Nodes
0  configs/ne_lmsp_0024_2.cfg  PASSED   CISCO_IOS  ['ne_lmsp_0024_2']
                         File_Name  Status File_Format       Nodes
0  configs/cfg_dsvpn_0015_02_1.cfg  PASSED   CISCO_IOS  ['spoke1']
                  File_Name  Status File_Format    Nodes
0  configs/vrp_011548_4.cfg  PASSED   CISCO_IOS  ['ce2']
                       File_Name  Status File_Format     Nodes
0  configs/ne_gps-sfp_9017_1.cfg  PASSED   CISCO_IOS  ['asg2']
                    File_Name  Status File_Format       Nodes
0  configs/vrp_arp_2019_1.cfg  PASSED   CISCO_IOS  ['device']
                   File_Name  Status File_Format     Nodes
0  configs/ne_nat_0097_1.cfg  PASSED   CISCO_IOS  ['nata']
                    File_Name  Status File_Format    Nodes
0  configs/vrp_arp_2072_1.cfg  PASSED   CISCO_IOS  ['ce1']
                     File_Name  Status File_Format   Nodes
0  configs/vrp_acl4_0075_0.cfg  PASSED   CISCO_IOS  ['pe']
                  File_Name  Status File_Format    Nodes
0  configs/vrp_011536_2.cfg  PASSED   CISCO_IOS  ['pe2']
                    File_Name  Status File_Format        Nodes
0  configs/vrp_arp_2095_1.cfg  PASSED   CISCO_IOS  ['deviceb']
                      File_Name  Status File_Format           Nodes
0  configs/vrp_basic_0110_0.cfg  PASSED   CISCO_IOS  ['ssh_server']
                   File_Name  Status File_Format    Nodes
0  configs/ne_qos_5079_3.cfg  PASSED   CISCO_IOS  ['ce2']
                  File_Name  Status File_Format    Nodes
0  configs/vrp_011534_1.cfg  PASSED   CISCO_IOS  ['pe2']
                               File_Name  Status File_Format     Nodes
0  configs/ne_cgn-reliability_0039_0.cfg  PASSED   CISCO_IOS  ['cgn1']
                      File_Name  Status File_Format          Nodes
0  configs/vrp_basic_0114_1.cfg  PASSED   CISCO_IOS  ['client001']
                      File_Name  Status File_Format    Nodes
0  configs/ne_g82751_9008_0.cfg  PASSED   CISCO_IOS  ['pe1']
                     File_Name  Status File_Format        Nodes
0  configs/ne_clock_5015_0.cfg  PASSED   CISCO_IOS  ['devicea']
                             File_Name  Status File_Format    Nodes
0  configs/en-us_task_0187745854_0.cfg  PASSED   CISCO_IOS  ['ce1']
                             File_Name  Status File_Format          Nodes
0  configs/ne_mpls-l3vpn-v4_0016_5.cfg  PASSED   CISCO_IOS  ['pe-router']
                             File_Name  Status File_Format  Nodes
0  configs/ne_traff-supress_5011_3.cfg  PASSED   CISCO_IOS  ['p']
                      File_Name  Status File_Format   Nodes
0  configs/ne_te-p2p_6003_2.cfg  PASSED   CISCO_IOS  ['p3']
                    File_Name  Status File_Format        Nodes
0  configs/ne_prbs_0007_1.cfg  PASSED   CISCO_IOS  ['deviceb']
                   File_Name  Status File_Format    Nodes
0  configs/ne_qos_0069_1.cfg  PASSED   CISCO_IOS  ['pe1']
                             File_Name  Status File_Format    Nodes
0  configs/ne_traff-supress_5011_4.cfg  PASSED   CISCO_IOS  ['pe2']
                         File_Name  Status File_Format       Nodes
0  configs/cfg_dsvpn_0016_02_1.cfg  PASSED   CISCO_IOS  ['spoke1']
                             File_Name  Status File_Format    Nodes
0  configs/ne_mpls-l3vpn-v4_0016_2.cfg  PASSED   CISCO_IOS  ['pe2']
                     File_Name  Status File_Format        Nodes
0  configs/ne_qos_013868_0.cfg  PASSED   CISCO_IOS  ['devicea']
                               File_Name  Status File_Format     Nodes
0  configs/ne_cgn-reliability_0039_1.cfg  PASSED   CISCO_IOS  ['cgn2']
                            File_Name  Status File_Format       Nodes
0  configs/ne_ipv4_address_0067_0.cfg  PASSED   CISCO_IOS  ['huawei']
                 File_Name  Status File_Format            Nodes
0  configs/ne_013596_1.cfg  PASSED   CISCO_IOS  ['ne_013596_1']
                                       File_Name  Status File_Format     Nodes
0  configs/ne_bras-multicast_cac_ipv6_0004_1.cfg  PASSED   CISCO_IOS  ['bras']
                  File_Name  Status File_Format    Nodes
0  configs/vrp_011534_0.cfg  PASSED   CISCO_IOS  ['pe1']
                   File_Name  Status File_Format    Nodes
0  configs/ne_qos_5079_2.cfg  PASSED   CISCO_IOS  ['ce1']
                      File_Name  Status File_Format   Nodes
0  configs/ne_te-p2p_6005_1.cfg  PASSED   CISCO_IOS  ['p1']
                    File_Name  Status File_Format        Nodes
0  configs/vrp_arp_2095_0.cfg  PASSED   CISCO_IOS  ['devicea']
                      File_Name  Status File_Format          Nodes
0  configs/vrp_basic_0110_1.cfg  PASSED   CISCO_IOS  ['client001']
                    File_Name   Status File_Format Nodes
0  configs/vrp_aaa_1024_1.cfg  UNKNOWN     UNKNOWN    []
Empty DataFrame
Columns: [Filename, Line, Text, Parser_Context, Comment]
Index: []
                     File_Name  Status File_Format    Nodes
0  configs/vrp_acl4_0075_1.cfg  PASSED   CISCO_IOS  ['ce1']
                    File_Name  Status File_Format   Nodes
0  configs/vrp_arp_2072_0.cfg  PASSED   CISCO_IOS  ['pe']
                             File_Name  Status File_Format    Nodes
0  configs/ne_mpls-l3vpn-v4_0016_3.cfg  PASSED   CISCO_IOS  ['ce2']
                         File_Name  Status File_Format    Nodes
0  configs/cfg_dsvpn_0016_02_0.cfg  PASSED   CISCO_IOS  ['hub']
                    File_Name  Status File_Format        Nodes
0  configs/ne_prbs_0007_0.cfg  PASSED   CISCO_IOS  ['devicea']
                      File_Name  Status File_Format       Nodes
0  configs/ne_l2tp_013508_1.cfg  PASSED   CISCO_IOS  ['device']
                      File_Name  Status File_Format    Nodes
0  configs/ne_te-p2p_6003_4.cfg  PASSED   CISCO_IOS  ['pe2']
                             File_Name  Status File_Format    Nodes
0  configs/ne_traff-supress_5011_2.cfg  PASSED   CISCO_IOS  ['pe1']
                             File_Name  Status File_Format    Nodes
0  configs/ne_mpls-l3vpn-v4_0016_4.cfg  PASSED   CISCO_IOS  ['ce3']
                      File_Name  Status File_Format   Nodes
0  configs/ne_te-p2p_6003_3.cfg  PASSED   CISCO_IOS  ['p2']
                      File_Name  Status File_Format    Nodes
0  configs/ne_g82751_9008_1.cfg  PASSED   CISCO_IOS  ['pe2']
                             File_Name  Status File_Format    Nodes
0  configs/en-us_task_0187745854_1.cfg  PASSED   CISCO_IOS  ['pe1']
                     File_Name  Status File_Format        Nodes
0  configs/ne_clock_5015_1.cfg  PASSED   CISCO_IOS  ['deviceb']
                      File_Name  Status File_Format           Nodes
0  configs/vrp_basic_0114_0.cfg  PASSED   CISCO_IOS  ['ssh_server']
                                  File_Name  Status File_Format     Nodes
0  configs/ne_bras-multicast_cac_0004_1.cfg  PASSED   CISCO_IOS  ['bras']
                       File_Name  Status File_Format        Nodes
0  configs/ne_ds-lite_0094_0.cfg  PASSED   CISCO_IOS  ['ds-lite']
                   File_Name  Status File_Format        Nodes
0  configs/ne_ppp_0022_0.cfg  PASSED   CISCO_IOS  ['devicea']
                            File_Name  Status File_Format       Nodes
0  configs/ne_ipv6_address_0087_1.cfg  PASSED   CISCO_IOS  ['device']
                               File_Name  Status File_Format     Nodes
0  configs/ne_cgn-reliability_0023_1.cfg  PASSED   CISCO_IOS  ['cgn2']
                      File_Name  Status File_Format           Nodes
0  configs/vrp_basic_0121_0.cfg  PASSED   CISCO_IOS  ['ssh_server']
                   File_Name  Status File_Format        Nodes
0  configs/ne_qos_2038_1.cfg  PASSED   CISCO_IOS  ['deviceb']
                               File_Name  Status File_Format   Nodes
0  configs/ne_cgn-reliability_0040_2.cfg  PASSED   CISCO_IOS  ['ce']
                 File_Name  Status File_Format    Nodes
0  configs/ne_014578_0.cfg  PASSED   CISCO_IOS  ['pe1']
                         File_Name  Status File_Format     Nodes
0  configs/ne_atom-gnss_9017_1.cfg  PASSED   CISCO_IOS  ['asg2']
                    File_Name   Status File_Format Nodes
0  configs/vrp_aaa_1034_1.cfg  UNKNOWN     UNKNOWN    []
Empty DataFrame
Columns: [Filename, Line, Text, Parser_Context, Comment]
Index: []
                  File_Name  Status File_Format    Nodes
0  configs/vrp_011564_1.cfg  PASSED   CISCO_IOS  ['pe1']
                    File_Name  Status File_Format        Nodes
0  configs/vrp_arp_2062_0.cfg  PASSED   CISCO_IOS  ['devicea']
                      File_Name  Status File_Format       Nodes
0  configs/ne_l2tp_013510_2.cfg  PASSED   CISCO_IOS  ['ne40ec']
                          File_Name  Status File_Format        Nodes
0  configs/ne_portmirror_0020_2.cfg  PASSED   CISCO_IOS  ['routerc']
                   File_Name  Status File_Format       Nodes
0  configs/ne_nat_0089_1.cfg  PASSED   CISCO_IOS  ['huawei']
                    File_Name  Status File_Format   Nodes
0  configs/vrp_arp_2064_2.cfg  PASSED   CISCO_IOS  ['pe']
                          File_Name  Status File_Format    Nodes
0  configs/ne_portmirror_0028_1.cfg  PASSED   CISCO_IOS  ['pe2']
                    File_Name  Status File_Format    Nodes
0  configs/ne_vpls_5003_2.cfg  PASSED   CISCO_IOS  ['pe2']
                      File_Name  Status File_Format     Nodes
0  configs/cfg_dsvpn_0018_0.cfg  PASSED   CISCO_IOS  ['hub1']
                   File_Name  Status File_Format        Nodes
0  configs/ne_atr_9011_1.cfg  PASSED   CISCO_IOS  ['server2']
                       File_Name  Status File_Format        Nodes
0  configs/vrp_6o4tnl_0010_1.cfg  PASSED   CISCO_IOS  ['deviceb']
                  File_Name  Status File_Format    Nodes
0  configs/vrp_011541_1.cfg  PASSED   CISCO_IOS  ['ce2']
                    File_Name  Status File_Format        Nodes
0  configs/ne_ipox_0148_0.cfg  PASSED   CISCO_IOS  ['devicea']
                  File_Name  Status File_Format    Nodes
0  configs/vrp_011568_3.cfg  PASSED   CISCO_IOS  ['ce2']
                      File_Name  Status File_Format        Nodes
0  configs/ne_loadba_2009_3.cfg  PASSED   CISCO_IOS  ['routerd']
                    File_Name  Status File_Format    Nodes
0  configs/ne_vpws_5003_1.cfg  PASSED   CISCO_IOS  ['pe1']
                   File_Name  Status File_Format     Nodes
0  configs/ne_nat_0120_1.cfg  PASSED   CISCO_IOS  ['cgna']
                   File_Name  Status File_Format           Nodes
0  configs/ne_qos_5044_1.cfg  PASSED   CISCO_IOS  ['qos-router']
                      File_Name  Status File_Format        Nodes
0  configs/ne_loadba_2009_4.cfg  PASSED   CISCO_IOS  ['routere']
                         File_Name  Status File_Format    Nodes
0  configs/cfg_dsvpn_0015_03_0.cfg  PASSED   CISCO_IOS  ['hub']
                    File_Name  Status File_Format        Nodes
0  configs/vrp_arp_2062_1.cfg  PASSED   CISCO_IOS  ['deviceb']
                  File_Name  Status File_Format    Nodes
0  configs/vrp_011564_0.cfg  PASSED   CISCO_IOS  ['ce1']
                       File_Name  Status File_Format        Nodes
0  configs/vrp_6o4tnl_0014_1.cfg  PASSED   CISCO_IOS  ['devicea']
                      File_Name  Status File_Format          Nodes
0  configs/vrp_basic_0121_1.cfg  PASSED   CISCO_IOS  ['client001']
                   File_Name  Status File_Format        Nodes
0  configs/ne_qos_2038_0.cfg  PASSED   CISCO_IOS  ['devicea']
                            File_Name  Status File_Format    Nodes
0  configs/ne_error-code_000016_2.cfg  PASSED   CISCO_IOS  ['spe']
                 File_Name  Status File_Format  Nodes
0  configs/ne_014578_1.cfg  PASSED   CISCO_IOS  ['p']
                   File_Name  Status File_Format        Nodes
0  configs/ne_qos_2053_0.cfg  PASSED   CISCO_IOS  ['devicea']
                         File_Name  Status File_Format     Nodes
0  configs/ne_atom-gnss_9017_0.cfg  PASSED   CISCO_IOS  ['asg1']
                   File_Name  Status File_Format        Nodes
0  configs/ne_ppp_0022_1.cfg  PASSED   CISCO_IOS  ['deviceb']
                      File_Name  Status File_Format          Nodes
0  configs/vrp_basic_0208_2.cfg  PASSED   CISCO_IOS  ['client002']
                      File_Name  Status File_Format          Nodes
0  configs/vrp_basic_0123_2.cfg  PASSED   CISCO_IOS  ['client002']
                       File_Name  Status File_Format        Nodes
0  configs/ne_ds-lite_0094_1.cfg  PASSED   CISCO_IOS  ['ds-lite']
                   File_Name  Status File_Format              Nodes
0  configs/ne_qos_5044_0.cfg  PASSED   CISCO_IOS  ['ne_qos_5044_0']
                         File_Name  Status File_Format       Nodes
0  configs/cfg_dsvpn_0015_03_1.cfg  PASSED   CISCO_IOS  ['spoke1']
                       File_Name  Status File_Format    Nodes
0  configs/ne_pppoxv6_0056_1.cfg  PASSED   CISCO_IOS  ['ce1']
                  File_Name  Status File_Format    Nodes
0  configs/vrp_011541_0.cfg  PASSED   CISCO_IOS  ['ce1']
                       File_Name  Status File_Format        Nodes
0  configs/vrp_6o4tnl_0010_0.cfg  PASSED   CISCO_IOS  ['devicea']
                     File_Name  Status File_Format       Nodes
0  configs/vrp_acl4_0104_0.cfg  PASSED   CISCO_IOS  ['router']
                   File_Name  Status File_Format        Nodes
0  configs/ne_atr_9011_0.cfg  PASSED   CISCO_IOS  ['server1']
                      File_Name  Status File_Format        Nodes
0  configs/ne_loadba_2009_2.cfg  PASSED   CISCO_IOS  ['routerc']
                    File_Name  Status File_Format    Nodes
0  configs/ne_vpws_5003_0.cfg  PASSED   CISCO_IOS  ['ce1']
                  File_Name  Status File_Format    Nodes
0  configs/vrp_011568_2.cfg  PASSED   CISCO_IOS  ['ce1']
                      File_Name  Status File_Format     Nodes
0  configs/cfg_dsvpn_0018_1.cfg  PASSED   CISCO_IOS  ['hub2']
                     File_Name  Status File_Format        Nodes
0  configs/ne_pppoe_0014_1.cfg  PASSED   CISCO_IOS  ['devicea']
                            File_Name  Status File_Format       Nodes
0  configs/ne_ipv6_address_0089_1.cfg  PASSED   CISCO_IOS  ['device']
                          File_Name  Status File_Format    Nodes
0  configs/ne_portmirror_0028_0.cfg  PASSED   CISCO_IOS  ['pe1']
                      File_Name  Status File_Format   Nodes
0  configs/ne_te-p2p_6002_1.cfg  PASSED   CISCO_IOS  ['p1']
                   File_Name  Status File_Format    Nodes
0  configs/ne_qos_2006_3.cfg  PASSED   CISCO_IOS  ['ce1']
                          File_Name  Status File_Format    Nodes
0  configs/ne_error-code_0005_4.cfg  PASSED   CISCO_IOS  ['ce2']
                  File_Name  Status File_Format    Nodes
0  configs/vrp_011539_0.cfg  PASSED   CISCO_IOS  ['pe1']
                     File_Name  Status File_Format        Nodes
0  configs/ne_clock_5016_0.cfg  PASSED   CISCO_IOS  ['devicea']
                            File_Name  Status File_Format       Nodes
0  configs/ne_ipv6_address_0112_0.cfg  PASSED   CISCO_IOS  ['device']
                   File_Name  Status File_Format    Nodes
0  configs/ne_qos_2006_4.cfg  PASSED   CISCO_IOS  ['ce2']
                         File_Name  Status File_Format       Nodes
0  configs/cfg_dsvpn_0016_03_2.cfg  PASSED   CISCO_IOS  ['spoke2']
                      File_Name  Status File_Format  Nodes
0  configs/vrp_basic_0115_2.cfg  PASSED   CISCO_IOS  ['p']
                   File_Name  Status File_Format    Nodes
0  configs/ne_tdm_0010_1.cfg  PASSED   CISCO_IOS  ['pe2']
                       File_Name  Status File_Format        Nodes
0  configs/vrp_6o4tnl_0009_0.cfg  PASSED   CISCO_IOS  ['devicea']
                      File_Name  Status File_Format    Nodes
0  configs/ne_1588v2_5023_0.cfg  PASSED   CISCO_IOS  ['ce1']
                      File_Name  Status File_Format        Nodes
0  configs/ne_loadba_2010_2.cfg  PASSED   CISCO_IOS  ['routerc']
                  File_Name  Status File_Format    Nodes
0  configs/vrp_011533_0.cfg  PASSED   CISCO_IOS  ['pe1']
                      File_Name  Status File_Format        Nodes
0  configs/ne_l2tp_014416_0.cfg  PASSED   CISCO_IOS  ['devicea']
                    File_Name  Status File_Format        Nodes
0  configs/ne_urpf_0015_0.cfg  PASSED   CISCO_IOS  ['routera']
                      File_Name  Status File_Format    Nodes
0  configs/ne_1588v2_5025_2.cfg  PASSED   CISCO_IOS  ['pe1']
                     File_Name  Status File_Format        Nodes
0  configs/vrp_acl4_0076_0.cfg  PASSED   CISCO_IOS  ['devicea']
                   File_Name  Status File_Format   Nodes
0  configs/ne_nat_0094_1.cfg  PASSED   CISCO_IOS  ['cr']
                      File_Name  Status File_Format           Nodes
0  configs/vrp_basic_0113_0.cfg  PASSED   CISCO_IOS  ['ssh_server']
                  File_Name  Status File_Format    Nodes
0  configs/vrp_011537_1.cfg  PASSED   CISCO_IOS  ['pe1']
                         File_Name  Status File_Format        Nodes
0  configs/reuse_vrp_fr_0010_1.cfg  PASSED   CISCO_IOS  ['deviceb']
                             File_Name  Status File_Format        Nodes
0  configs/en-us_task_0174456729_2.cfg  PASSED   CISCO_IOS  ['devicec']
                   File_Name  Status File_Format        Nodes
0  configs/ne_nat_0096_2.cfg  PASSED   CISCO_IOS  ['deviceb']
                   File_Name  Status File_Format     Nodes
0  configs/ne_nat_0058_0.cfg  PASSED   CISCO_IOS  ['nata']
                             File_Name  Status File_Format        Nodes
0  configs/en-us_task_0174456729_5.cfg  PASSED   CISCO_IOS  ['devicef']
                      File_Name  Status File_Format    Nodes
0  configs/vrp_basic_0115_4.cfg  PASSED   CISCO_IOS  ['ce2']
                       File_Name  Status File_Format        Nodes
0  configs/vrp_6o4tnl_0009_1.cfg  PASSED   CISCO_IOS  ['deviceb']
                      File_Name  Status File_Format    Nodes
0  configs/ne_1588v2_5023_1.cfg  PASSED   CISCO_IOS  ['ce2']
                      File_Name  Status File_Format    Nodes
0  configs/vrp_basic_0115_3.cfg  PASSED   CISCO_IOS  ['pe2']
                   File_Name  Status File_Format    Nodes
0  configs/ne_tdm_0010_0.cfg  PASSED   CISCO_IOS  ['pe1']
                     File_Name  Status File_Format        Nodes
0  configs/ne_clock_5016_1.cfg  PASSED   CISCO_IOS  ['deviceb']
                   File_Name  Status File_Format        Nodes
0  configs/ne_qos_7010_2.cfg  PASSED   CISCO_IOS  ['devicec']
                  File_Name  Status File_Format    Nodes
0  configs/vrp_011539_1.cfg  PASSED   CISCO_IOS  ['pe2']
                   File_Name  Status File_Format    Nodes
0  configs/ne_qos_2006_5.cfg  PASSED   CISCO_IOS  ['ce3']
                               File_Name  Status File_Format          Nodes
0  configs/ne_cgn-reliability_0034_0.cfg  PASSED   CISCO_IOS  ['nat64_cgn']
                     File_Name  Status File_Format       Nodes
0  configs/ne_nat64_0042_1.cfg  PASSED   CISCO_IOS  ['huawei']
                     File_Name  Status File_Format       Nodes
0  configs/ne_8021x_0010_1.cfg  PASSED   CISCO_IOS  ['switch']
                             File_Name  Status File_Format       Nodes
0  configs/ne_traff-supress_5010_1.cfg  PASSED   CISCO_IOS  ['device']
                   File_Name  Status File_Format     Nodes
0  configs/ne_nat_0058_1.cfg  PASSED   CISCO_IOS  ['nata']
                    File_Name  Status File_Format               Nodes
0  configs/ne_bras_0010_1.cfg  PASSED   CISCO_IOS  ['ne_bras_0010_1']
                             File_Name  Status File_Format        Nodes
0  configs/en-us_task_0174456729_4.cfg  PASSED   CISCO_IOS  ['devicee']
                   File_Name  Status File_Format      Nodes
0  configs/ne_daa_0014_1.cfg  PASSED   CISCO_IOS  ['cisco']
                  File_Name  Status File_Format    Nodes
0  configs/vrp_011537_0.cfg  PASSED   CISCO_IOS  ['ce1']
                             File_Name  Status File_Format        Nodes
0  configs/en-us_task_0174456729_3.cfg  PASSED   CISCO_IOS  ['deviced']
                         File_Name  Status File_Format        Nodes
0  configs/reuse_vrp_fr_0010_0.cfg  PASSED   CISCO_IOS  ['devicea']
                      File_Name  Status File_Format          Nodes
0  configs/vrp_basic_0113_1.cfg  PASSED   CISCO_IOS  ['client001']
                      File_Name  Status File_Format   Nodes
0  configs/ne_te-p2p_6006_1.cfg  PASSED   CISCO_IOS  ['p1']
                    File_Name  Status File_Format        Nodes
0  configs/ne_urpf_0015_1.cfg  PASSED   CISCO_IOS  ['routerb']
                      File_Name  Status File_Format    Nodes
0  configs/ne_1588v2_5025_3.cfg  PASSED   CISCO_IOS  ['pe2']
                   File_Name  Status File_Format     Nodes
0  configs/ne_nat_0094_0.cfg  PASSED   CISCO_IOS  ['bras']
                      File_Name  Status File_Format        Nodes
0  configs/ne_ifm_7005_01_0.cfg  PASSED   CISCO_IOS  ['device1']
                  File_Name  Status File_Format  Nodes
0  configs/vrp_011548_1.cfg  PASSED   CISCO_IOS  ['p']
                      File_Name  Status File_Format        Nodes
0  configs/ne_l2tp_013513_2.cfg  PASSED   CISCO_IOS  ['devicec']
                      File_Name  Status File_Format          Nodes
0  configs/vrp_basic_0124_2.cfg  PASSED   CISCO_IOS  ['client002']
                    File_Name  Status File_Format    Nodes
0  configs/ne_lmsp_0024_0.cfg  PASSED   CISCO_IOS  ['pe1']
                  File_Name  Status File_Format    Nodes
0  configs/vrp_011542_1.cfg  PASSED   CISCO_IOS  ['ce2']
                      File_Name  Status File_Format       Nodes
0  configs/ne_l2tp_013511_1.cfg  PASSED   CISCO_IOS  ['device']
                       File_Name  Status File_Format        Nodes
0  configs/vrp_6o4tnl_0013_1.cfg  PASSED   CISCO_IOS  ['devicea']
                         File_Name  Status File_Format    Nodes
0  configs/cfg_dsvpn_0015_00_0.cfg  PASSED   CISCO_IOS  ['hub']
                   File_Name  Status File_Format        Nodes
0  configs/ne_qos_2054_0.cfg  PASSED   CISCO_IOS  ['devicea']
                     File_Name  Status File_Format       Nodes
0  configs/ne_pppoe_0013_1.cfg  PASSED   CISCO_IOS  ['huawei']
                      File_Name  Status File_Format   Nodes
0  configs/vrp_basic_0109_1.cfg  PASSED   CISCO_IOS  ['p2']
                    File_Name  Status File_Format    Nodes
0  configs/ne_lmsp_0020_1.cfg  PASSED   CISCO_IOS  ['pe2']
                      File_Name  Status File_Format       Nodes
0  configs/cfg_dsvpn_0017_2.cfg  PASSED   CISCO_IOS  ['spoke2']
                           File_Name  Status File_Format    Nodes
0  configs/ne_clock_5021_x8x16_1.cfg  PASSED   CISCO_IOS  ['pe2']
                      File_Name  Status File_Format        Nodes
0  configs/ne_1588v2_5037_0.cfg  PASSED   CISCO_IOS  ['devicea']
                      File_Name  Status File_Format                 Nodes
0  configs/ne_013600_vlan_1.cfg  PASSED   CISCO_IOS  ['ne_013600_vlan_1']
                  File_Name  Status File_Format    Nodes
0  configs/vrp_011580_1.cfg  PASSED   CISCO_IOS  ['pe1']
                      File_Name  Status File_Format           Nodes
0  configs/vrp_basic_0209_0.cfg  PASSED   CISCO_IOS  ['ssh_server']
                    File_Name  Status File_Format    Nodes
0  configs/ne_esqm_0003_2.cfg  PASSED   CISCO_IOS  ['npe']
                    File_Name   Status File_Format Nodes
0  configs/vrp_arp_2061_0.cfg  UNKNOWN     UNKNOWN    []
Empty DataFrame
Columns: [Filename, Line, Text, Parser_Context, Comment]
Index: []
                                File_Name  Status File_Format             Nodes
0  configs/ne_flow-recognition_0005_1.cfg  PASSED   CISCO_IOS  ['flow-monitor']
                      File_Name  Status File_Format           Nodes
0  configs/vrp_basic_0062_0.cfg  PASSED   CISCO_IOS  ['ssh_server']
                         File_Name  Status File_Format       Nodes
0  configs/cfg_dsvpn_0015_00_1.cfg  PASSED   CISCO_IOS  ['spoke1']
                     File_Name  Status File_Format        Nodes
0  configs/ne_sflow_0006_1.cfg  PASSED   CISCO_IOS  ['devicea']
                  File_Name  Status File_Format    Nodes
0  configs/vrp_011542_0.cfg  PASSED   CISCO_IOS  ['ce1']
                      File_Name   Status File_Format Nodes
0  configs/vrp_basic_0022_1.cfg  UNKNOWN     UNKNOWN    []
Empty DataFrame
Columns: [Filename, Line, Text, Parser_Context, Comment]
Index: []
                                  File_Name  Status File_Format     Nodes
0  configs/ne_bras-multicast_cac_0003_1.cfg  PASSED   CISCO_IOS  ['bras']
                    File_Name  Status File_Format             Nodes
0  configs/ne_lmsp_0024_1.cfg  PASSED   CISCO_IOS  ['is-is-router']
                         File_Name  Status File_Format       Nodes
0  configs/cfg_dsvpn_0015_02_2.cfg  PASSED   CISCO_IOS  ['spoke2']
                  File_Name  Status File_Format    Nodes
0  configs/vrp_011548_0.cfg  PASSED   CISCO_IOS  ['pe1']
                      File_Name  Status File_Format          Nodes
0  configs/vrp_basic_0209_1.cfg  PASSED   CISCO_IOS  ['client001']
                    File_Name   Status File_Format Nodes
0  configs/vrp_arp_2061_1.cfg  UNKNOWN     UNKNOWN    []
Empty DataFrame
Columns: [Filename, Line, Text, Parser_Context, Comment]
Index: []
                  File_Name  Status File_Format    Nodes
0  configs/vrp_011580_0.cfg  PASSED   CISCO_IOS  ['ce1']
                       File_Name  Status File_Format   Nodes
0  configs/ne_pppoxv6_0070_1.cfg  PASSED   CISCO_IOS  ['ce']
                      File_Name  Status File_Format   Nodes
0  configs/vrp_basic_0047_0.cfg  PASSED   CISCO_IOS  ['p1']
                      File_Name  Status File_Format        Nodes
0  configs/ne_1588v2_5037_1.cfg  PASSED   CISCO_IOS  ['deviceb']
                      File_Name  Status File_Format   Nodes
0  configs/vrp_basic_0109_0.cfg  PASSED   CISCO_IOS  ['p1']
                           File_Name  Status File_Format    Nodes
0  configs/ne_clock_5021_x8x16_0.cfg  PASSED   CISCO_IOS  ['pe1']
                      File_Name  Status File_Format          Nodes
0  configs/vrp_basic_0120_2.cfg  PASSED   CISCO_IOS  ['client002']
                    File_Name  Status File_Format    Nodes
0  configs/ne_lmsp_0020_0.cfg  PASSED   CISCO_IOS  ['pe1']
8
配置语法检测结果保存至syntactic_check/config_data_400/error_info/Cisco_error_syntax.json
                    File_Name  Status   File_Format    Nodes
0  configs/ne_lmsp_0024_0.cfg  PASSED  FLAT_JUNIPER  ['pe1']
                      File_Name  Status   File_Format        Nodes
0  configs/ne_1588v2_5037_0.cfg  PASSED  FLAT_JUNIPER  ['devicea']
                      File_Name  Status   File_Format   Nodes
0  configs/vrp_basic_0109_1.cfg  PASSED  FLAT_JUNIPER  ['p2']
                  File_Name  Status   File_Format    Nodes
0  configs/vrp_011564_0.cfg  PASSED  FLAT_JUNIPER  ['ce1']
                         File_Name  Status   File_Format        Nodes
0  configs/reuse_vrp_fr_0010_1.cfg  PASSED  FLAT_JUNIPER  ['deviceb']
                      File_Name  Status   File_Format       Nodes
0  configs/cfg_dsvpn_0017_2.cfg  PASSED  FLAT_JUNIPER  ['spoke2']
                   File_Name  Status   File_Format     Nodes
0  configs/ne_nat_0095_0.cfg  PASSED  FLAT_JUNIPER  ['nata']
                      File_Name  Status   File_Format           Nodes
0  configs/vrp_basic_0209_0.cfg  PASSED  FLAT_JUNIPER  ['ssh_server']
                     File_Name  Status   File_Format       Nodes
0  configs/ne_pppoe_0013_1.cfg  PASSED  FLAT_JUNIPER  ['huawei']
                   File_Name  Status   File_Format    Nodes
0  configs/ne_qos_5079_1.cfg  PASSED  FLAT_JUNIPER  ['pe2']
                   File_Name  Status   File_Format     Nodes
0  configs/ne_nat_0059_1.cfg  PASSED  FLAT_JUNIPER  ['nata']
                       File_Name  Status   File_Format        Nodes
0  configs/vrp_6o4tnl_0009_0.cfg  PASSED  FLAT_JUNIPER  ['devicea']
                   File_Name  Status   File_Format        Nodes
0  configs/ne_qos_0025_0.cfg  PASSED  FLAT_JUNIPER  ['devicea']
                      File_Name  Status   File_Format        Nodes
0  configs/ne_013600_vlan_1.cfg  PASSED  FLAT_JUNIPER  ['devicea']
                      File_Name  Status   File_Format          Nodes
0  configs/vrp_basic_0124_2.cfg  PASSED  FLAT_JUNIPER  ['client002']
                  File_Name  Status   File_Format    Nodes
0  configs/vrp_011568_2.cfg  PASSED  FLAT_JUNIPER  ['ce1']
                             File_Name  Status   File_Format    Nodes
0  configs/ne_traff-supress_5011_0.cfg  PASSED  FLAT_JUNIPER  ['ce1']
                   File_Name  Status   File_Format    Nodes
0  configs/ne_qos_0069_3.cfg  PASSED  FLAT_JUNIPER  ['pe2']
                  File_Name  Status   File_Format    Nodes
0  configs/vrp_011541_0.cfg  PASSED  FLAT_JUNIPER  ['ce1']
                      File_Name  Status   File_Format        Nodes
0  configs/ne_ifm_7005_01_0.cfg  PASSED  FLAT_JUNIPER  ['device1']
                      File_Name  Status   File_Format        Nodes
0  configs/ne_l2tp_013513_2.cfg  PASSED  FLAT_JUNIPER  ['devicec']
                   File_Name  Status   File_Format    Nodes
0  configs/ne_qos_0069_4.cfg  PASSED  FLAT_JUNIPER  ['ce2']
                    File_Name  Status   File_Format    Nodes
0  configs/ne_lmsp_0020_1.cfg  PASSED  FLAT_JUNIPER  ['pe2']
                   File_Name  Status   File_Format     Nodes
0  configs/ne_nat_0057_0.cfg  PASSED  FLAT_JUNIPER  ['nata']
                         File_Name  Status   File_Format       Nodes
0  configs/cfg_dsvpn_0016_03_2.cfg  PASSED  FLAT_JUNIPER  ['spoke2']
                             File_Name  Status   File_Format    Nodes
0  configs/en-us_task_0187745854_4.cfg  PASSED  FLAT_JUNIPER  ['pe2']
                    File_Name  Status   File_Format        Nodes
0  configs/vrp_arp_2061_0.cfg  PASSED  FLAT_JUNIPER  ['devicea']
                    File_Name  Status   File_Format    Nodes
0  configs/ne_esqm_0003_2.cfg  PASSED  FLAT_JUNIPER  ['npe']
                          File_Name  Status   File_Format    Nodes
0  configs/ne_error-code_0005_0.cfg  PASSED  FLAT_JUNIPER  ['ce1']
                             File_Name  Status   File_Format      Nodes
0  configs/en-us_task_0187745854_3.cfg  PASSED  FLAT_JUNIPER  ['asbr2']
                      File_Name  Status   File_Format       Nodes
0  configs/ne_l2tp_013511_1.cfg  PASSED  FLAT_JUNIPER  ['device']
                      File_Name  Status   File_Format   Nodes
0  configs/vrp_basic_0047_0.cfg  PASSED  FLAT_JUNIPER  ['p1']
                       File_Name  Status   File_Format        Nodes
0  configs/vrp_6o4tnl_0009_1.cfg  PASSED  FLAT_JUNIPER  ['deviceb']
                      File_Name  Status   File_Format          Nodes
0  configs/vrp_basic_0209_1.cfg  PASSED  FLAT_JUNIPER  ['client001']
                            File_Name  Status   File_Format       Nodes
0  configs/ne_ipv6_address_0112_0.cfg  PASSED  FLAT_JUNIPER  ['device']
                   File_Name  Status   File_Format    Nodes
0  configs/ne_qos_5079_0.cfg  PASSED  FLAT_JUNIPER  ['pe1']
                         File_Name  Status   File_Format        Nodes
0  configs/reuse_vrp_fr_0010_0.cfg  PASSED  FLAT_JUNIPER  ['devicea']
                      File_Name  Status   File_Format   Nodes
0  configs/vrp_basic_0109_0.cfg  PASSED  FLAT_JUNIPER  ['p1']
                  File_Name  Status   File_Format    Nodes
0  configs/vrp_011564_1.cfg  PASSED  FLAT_JUNIPER  ['pe1']
                      File_Name  Status   File_Format          Nodes
0  configs/vrp_basic_0120_2.cfg  PASSED  FLAT_JUNIPER  ['client001']
                   File_Name  Status   File_Format     Nodes
0  configs/ne_nat_0095_1.cfg  PASSED  FLAT_JUNIPER  ['nata']
                      File_Name  Status   File_Format        Nodes
0  configs/ne_1588v2_5037_1.cfg  PASSED  FLAT_JUNIPER  ['deviceb']
                    File_Name  Status   File_Format       Nodes
0  configs/ne_lmsp_0024_1.cfg  PASSED  FLAT_JUNIPER  ['device']
                             File_Name  Status   File_Format      Nodes
0  configs/en-us_task_0187745854_2.cfg  PASSED  FLAT_JUNIPER  ['asbr1']
                    File_Name  Status   File_Format        Nodes
0  configs/vrp_arp_2061_1.cfg  PASSED  FLAT_JUNIPER  ['deviceb']
                             File_Name  Status   File_Format    Nodes
0  configs/en-us_task_0187745854_5.cfg  PASSED  FLAT_JUNIPER  ['ce2']
                      File_Name  Status   File_Format           Nodes
0  configs/vrp_basic_0062_0.cfg  PASSED  FLAT_JUNIPER  ['ssh_server']
                               File_Name  Status   File_Format          Nodes
0  configs/ne_cgn-reliability_0034_0.cfg  PASSED  FLAT_JUNIPER  ['nat64_cgn']
                     File_Name  Status   File_Format        Nodes
0  configs/ne_sflow_0006_1.cfg  PASSED  FLAT_JUNIPER  ['devicea']
                   File_Name  Status   File_Format     Nodes
0  configs/ne_nat_0057_1.cfg  PASSED  FLAT_JUNIPER  ['nata']
                    File_Name  Status   File_Format    Nodes
0  configs/ne_lmsp_0020_0.cfg  PASSED  FLAT_JUNIPER  ['pe1']
                             File_Name  Status   File_Format    Nodes
0  configs/ne_mpls-l3vpn-v4_0016_0.cfg  PASSED  FLAT_JUNIPER  ['ce1']
                   File_Name Status File_Format Nodes
0  configs/ne_ztp_0010_1.cfg  EMPTY       EMPTY    []
Empty DataFrame
Columns: [Filename, Line, Text, Parser_Context, Comment]
Index: []
                  File_Name  Status   File_Format    Nodes
0  configs/vrp_011568_3.cfg  PASSED  FLAT_JUNIPER  ['ce2']
                      File_Name   Status File_Format Nodes
0  configs/vrp_basic_0022_1.cfg  UNKNOWN     UNKNOWN    []
Empty DataFrame
Columns: [Filename, Line, Text, Parser_Context, Comment]
Index: []
                   File_Name  Status   File_Format  Nodes
0  configs/ne_qos_0069_2.cfg  PASSED  FLAT_JUNIPER  ['p']
                  File_Name  Status   File_Format    Nodes
0  configs/vrp_011541_1.cfg  PASSED  FLAT_JUNIPER  ['ce2']
                             File_Name  Status   File_Format    Nodes
0  configs/ne_traff-supress_5011_1.cfg  PASSED  FLAT_JUNIPER  ['ce2']
                  File_Name  Status   File_Format    Nodes
0  configs/vrp_011534_0.cfg  PASSED  FLAT_JUNIPER  ['pe1']
                      File_Name  Status   File_Format           Nodes
0  configs/vrp_basic_0113_0.cfg  PASSED  FLAT_JUNIPER  ['ssh-server']
                      File_Name  Status   File_Format    Nodes
0  configs/ne_1588v2_5025_2.cfg  PASSED  FLAT_JUNIPER  ['pe1']
                       File_Name  Status   File_Format        Nodes
0  configs/vrp_6o4tnl_0013_1.cfg  PASSED  FLAT_JUNIPER  ['devicea']
                     File_Name  Status File_Format        Nodes
0  configs/vrp_acl4_0076_0.cfg  PASSED     JUNIPER  ['devicea']
                          File_Name  Status   File_Format        Nodes
0  configs/ne_portmirror_0027_0.cfg  PASSED  FLAT_JUNIPER  ['deviceb']
                         File_Name  Status   File_Format    Nodes
0  configs/cfg_dsvpn_0015_00_0.cfg  PASSED  FLAT_JUNIPER  ['hub']
                      File_Name  Status   File_Format   Nodes
0  configs/ne_te-p2p_6002_1.cfg  PASSED  FLAT_JUNIPER  ['p1']
                    File_Name  Status   File_Format        Nodes
0  configs/ne_urpf_0015_0.cfg  PASSED  FLAT_JUNIPER  ['routera']
                   File_Name  Status   File_Format        Nodes
0  configs/ne_ppp_0024_0.cfg  PASSED  FLAT_JUNIPER  ['devicea']
                      File_Name  Status   File_Format        Nodes
0  configs/ne_l2tp_014416_0.cfg  PASSED  FLAT_JUNIPER  ['devicea']
                      File_Name  Status   File_Format    Nodes
0  configs/ne_1588v2_5023_0.cfg  PASSED  FLAT_JUNIPER  ['ce1']
                      File_Name  Status   File_Format        Nodes
0  configs/ne_loadba_2010_2.cfg  PASSED  FLAT_JUNIPER  ['routerc']
                      File_Name  Status   File_Format  Nodes
0  configs/vrp_basic_0115_2.cfg  PASSED  FLAT_JUNIPER  ['p']
                     File_Name  Status File_Format        Nodes
0  configs/ne_clock_5016_0.cfg  PASSED     JUNIPER  ['devicea']
                                  File_Name  Status   File_Format     Nodes
0  configs/ne_bras-multicast_cac_0003_1.cfg  PASSED  FLAT_JUNIPER  ['bras']
                                File_Name  Status File_Format             Nodes
0  configs/ne_flow-recognition_0005_1.cfg  PASSED     JUNIPER  ['flow-monitor']
                  File_Name  Status   File_Format    Nodes
0  configs/vrp_011536_2.cfg  PASSED  FLAT_JUNIPER  ['pe2']
                   File_Name  Status   File_Format       Nodes
0  configs/ne_qos_0075_1.cfg  PASSED  FLAT_JUNIPER  ['huawei']
                      File_Name  Status   File_Format    Nodes
0  configs/ne_1588v2_5025_3.cfg  PASSED  FLAT_JUNIPER  ['pe2']
                   File_Name  Status   File_Format        Nodes
0  configs/ne_qos_2038_2.cfg  PASSED  FLAT_JUNIPER  ['devicec']
                  File_Name  Status   File_Format    Nodes
0  configs/vrp_011534_1.cfg  PASSED  FLAT_JUNIPER  ['pe2']
                      File_Name  Status   File_Format   Nodes
0  configs/ne_te-p2p_6006_1.cfg  PASSED  FLAT_JUNIPER  ['p1']
                      File_Name  Status   File_Format          Nodes
0  configs/vrp_basic_0113_1.cfg  PASSED  FLAT_JUNIPER  ['client001']
                   File_Name  Status   File_Format     Nodes
0  configs/ne_nat_0081_1.cfg  PASSED  FLAT_JUNIPER  ['cgna']
                      File_Name  Status   File_Format    Nodes
0  configs/vrp_basic_0115_3.cfg  PASSED  FLAT_JUNIPER  ['pe2']
                     File_Name  Status   File_Format        Nodes
0  configs/ne_clock_5016_1.cfg  PASSED  FLAT_JUNIPER  ['deviceb']
                     File_Name   Status File_Format Nodes
0  configs/ne_8021x_0010_1.cfg  UNKNOWN     UNKNOWN    []
Empty DataFrame
Columns: [Filename, Line, Text, Parser_Context, Comment]
Index: []
                       File_Name  Status   File_Format   Nodes
0  configs/ne_pppoxv6_0070_1.cfg  PASSED  FLAT_JUNIPER  ['ce']
                      File_Name  Status   File_Format    Nodes
0  configs/vrp_basic_0115_4.cfg  PASSED  FLAT_JUNIPER  ['ce2']
                     File_Name  Status   File_Format              Nodes
0  configs/ne_nat64_0042_1.cfg  PASSED  FLAT_JUNIPER  ['juniper-nat64']
                      File_Name  Status   File_Format    Nodes
0  configs/ne_1588v2_5023_1.cfg  PASSED  FLAT_JUNIPER  ['ce2']
                         File_Name  Status   File_Format       Nodes
0  configs/cfg_dsvpn_0015_02_2.cfg  PASSED  FLAT_JUNIPER  ['spoke2']
                    File_Name   Status File_Format Nodes
0  configs/ne_bras_0010_1.cfg  UNKNOWN     UNKNOWN    []
Empty DataFrame
Columns: [Filename, Line, Text, Parser_Context, Comment]
Index: []
                    File_Name  Status   File_Format        Nodes
0  configs/ne_urpf_0015_1.cfg  PASSED  FLAT_JUNIPER  ['routerb']
                   File_Name  Status   File_Format        Nodes
0  configs/ne_ppp_0024_1.cfg  PASSED  FLAT_JUNIPER  ['deviceb']
                         File_Name  Status   File_Format       Nodes
0  configs/cfg_dsvpn_0015_00_1.cfg  PASSED  FLAT_JUNIPER  ['spoke1']
                   File_Name  Status   File_Format        Nodes
0  configs/ne_qos_5006_0.cfg  PASSED  FLAT_JUNIPER  ['devicea']
                  File_Name  Status   File_Format    Nodes
0  configs/vrp_011542_0.cfg  PASSED  FLAT_JUNIPER  ['ce1']
                      File_Name  Status   File_Format     Nodes
0  configs/cfg_dsvpn_0018_0.cfg  PASSED  FLAT_JUNIPER  ['hub1']
                         File_Name  Status   File_Format       Nodes
0  configs/cfg_dsvpn_0016_02_1.cfg  PASSED  FLAT_JUNIPER  ['spoke1']
                      File_Name  Status   File_Format       Nodes
0  configs/ne_l2tp_013510_2.cfg  PASSED  FLAT_JUNIPER  ['ne40ec']
                            File_Name  Status   File_Format       Nodes
0  configs/ne_ipv4_address_0067_0.cfg  PASSED  FLAT_JUNIPER  ['huawei']
                   File_Name  Status   File_Format     Nodes
0  configs/ne_nat_0098_1.cfg  PASSED  FLAT_JUNIPER  ['cgn2']
                    File_Name  Status File_Format        Nodes
0  configs/vrp_aaa_1034_1.cfg  PASSED     JUNIPER  ['huaweia']
                   File_Name  Status   File_Format    Nodes
0  configs/ne_qos_2006_6.cfg  PASSED  FLAT_JUNIPER  ['ce4']
                   File_Name  Status   File_Format        Nodes
0  configs/ne_qos_7010_1.cfg  PASSED  FLAT_JUNIPER  ['deviceb']
                    File_Name  Status   File_Format         Nodes
0  configs/vrp_arp_2062_0.cfg  PASSED  FLAT_JUNIPER  ['device-a']
                      File_Name  Status   File_Format        Nodes
0  configs/ne_loadba_2009_4.cfg  PASSED  FLAT_JUNIPER  ['routere']
                  File_Name  Status   File_Format    Nodes
0  configs/vrp_011548_0.cfg  PASSED  FLAT_JUNIPER  ['pe1']
                   File_Name  Status   File_Format  Nodes
0  configs/ne_qos_2006_1.cfg  PASSED  FLAT_JUNIPER  ['p']
                      File_Name  Status   File_Format        Nodes
0  configs/ne_loadba_2009_3.cfg  PASSED  FLAT_JUNIPER  ['routerd']
                             File_Name  Status   File_Format        Nodes
0  configs/en-us_task_0174456729_1.cfg  PASSED  FLAT_JUNIPER  ['deviceb']
                    File_Name  Status   File_Format    Nodes
0  configs/ne_vpls_5003_2.cfg  PASSED  FLAT_JUNIPER  ['pe2']
                   File_Name  Status   File_Format        Nodes
0  configs/ne_nat_0058_2.cfg  PASSED  FLAT_JUNIPER  ['deviceb']
                  File_Name  Status   File_Format    Nodes
0  configs/vrp_011580_0.cfg  PASSED  FLAT_JUNIPER  ['ce1']
                 File_Name  Status   File_Format    Nodes
0  configs/ne_014578_1.cfg  PASSED  FLAT_JUNIPER  ['pe1']
                    File_Name  Status   File_Format   Nodes
0  configs/vrp_arp_2064_2.cfg  PASSED  FLAT_JUNIPER  ['pe']
                               File_Name  Status   File_Format     Nodes
0  configs/ne_cgn-reliability_0039_0.cfg  PASSED  FLAT_JUNIPER  ['cgn1']
                   File_Name  Status   File_Format        Nodes
0  configs/ne_qos_5097_1.cfg  PASSED  FLAT_JUNIPER  ['deviceb']
                   File_Name  Status   File_Format     Nodes
0  configs/ne_nat_0096_0.cfg  PASSED  FLAT_JUNIPER  ['nata']
                      File_Name  Status   File_Format           Nodes
0  configs/vrp_basic_0121_0.cfg  PASSED  FLAT_JUNIPER  ['ssh_server']
                    File_Name  Status   File_Format    Nodes
0  configs/ne_vpws_5003_1.cfg  PASSED  FLAT_JUNIPER  ['pe1']
                   File_Name  Status   File_Format           Nodes
0  configs/ne_atr_9100_1.cfg  PASSED  FLAT_JUNIPER  ['atr_device']
                    File_Name  Status   File_Format        Nodes
0  configs/ne_ipox_0148_0.cfg  PASSED  FLAT_JUNIPER  ['devicea']
                     File_Name  Status   File_Format        Nodes
0  configs/ne_pppoe_0014_1.cfg  PASSED  FLAT_JUNIPER  ['devicea']
                      File_Name  Status   File_Format        Nodes
0  configs/ne_loadba_2009_2.cfg  PASSED  FLAT_JUNIPER  ['routerc']
                   File_Name  Status   File_Format     Nodes
0  configs/ne_nat_0098_0.cfg  PASSED  FLAT_JUNIPER  ['cgn1']
                                       File_Name  Status   File_Format Nodes
0  configs/ne_bras-multicast_cac_ipv6_0006_1.cfg  FAILED  FLAT_JUNIPER    []
Empty DataFrame
Columns: [Filename, Line, Text, Parser_Context, Comment]
Index: []
                  File_Name  Status   File_Format  Nodes
0  configs/vrp_011548_1.cfg  PASSED  FLAT_JUNIPER  ['p']
                    File_Name  Status   File_Format         Nodes
0  configs/vrp_arp_2062_1.cfg  PASSED  FLAT_JUNIPER  ['device-b']
                   File_Name  Status   File_Format        Nodes
0  configs/ne_qos_7010_0.cfg  PASSED  FLAT_JUNIPER  ['devicea']
                   File_Name  Status   File_Format     Nodes
0  configs/ne_nat_0110_1.cfg  PASSED  FLAT_JUNIPER  ['nata']
                   File_Name  Status   File_Format  Nodes
0  configs/ne_tdm_0010_2.cfg  PASSED  FLAT_JUNIPER  ['p']
                  File_Name  Status   File_Format    Nodes
0  configs/vrp_011542_1.cfg  PASSED  FLAT_JUNIPER  ['ce2']
                      File_Name  Status   File_Format Nodes
0  configs/cfg_dsvpn_0018_1.cfg  FAILED  FLAT_JUNIPER    []
Empty DataFrame
Columns: [Filename, Line, Text, Parser_Context, Comment]
Index: []
                     File_Name  Status   File_Format       Nodes
0  configs/vrp_acl4_0104_0.cfg  PASSED  FLAT_JUNIPER  ['router']
                         File_Name  ...    Nodes
0  configs/cfg_dsvpn_0016_02_0.cfg  ...  ['hub']

[1 rows x 4 columns]
                          Filename  ...                      Comment
0  configs/cfg_dsvpn_0016_02_0.cfg  ...  This syntax is unrecognized

[1 rows x 5 columns]
                   File_Name  Status   File_Format    Nodes
0  configs/ne_nat_0094_2.cfg  PASSED  FLAT_JUNIPER  ['cgn']
                      File_Name  Status   File_Format          Nodes
0  configs/vrp_basic_0121_1.cfg  PASSED  FLAT_JUNIPER  ['client001']
                    File_Name  Status   File_Format    Nodes
0  configs/ne_vpws_5003_0.cfg  PASSED  FLAT_JUNIPER  ['ce1']
                   File_Name  Status   File_Format     Nodes
0  configs/ne_nat_0096_1.cfg  PASSED  FLAT_JUNIPER  ['nata']
                   File_Name  Status   File_Format        Nodes
0  configs/ne_qos_5097_0.cfg  PASSED  FLAT_JUNIPER  ['devicea']
                      File_Name  Status   File_Format          Nodes
0  configs/vrp_basic_0123_2.cfg  PASSED  FLAT_JUNIPER  ['client002']
                               File_Name  Status   File_Format     Nodes
0  configs/ne_cgn-reliability_0039_1.cfg  PASSED  FLAT_JUNIPER  ['cgn2']
                  File_Name  Status   File_Format    Nodes
0  configs/vrp_011580_1.cfg  PASSED  FLAT_JUNIPER  ['pe1']
                             File_Name  Status   File_Format        Nodes
0  configs/en-us_task_0174456729_0.cfg  PASSED  FLAT_JUNIPER  ['devicea']
                      File_Name  Status   File_Format          Nodes
0  configs/vrp_basic_0208_2.cfg  PASSED  FLAT_JUNIPER  ['client002']
                 File_Name  Status   File_Format Nodes
0  configs/ne_014578_0.cfg  FAILED  FLAT_JUNIPER    []
Empty DataFrame
Columns: [Filename, Line, Text, Parser_Context, Comment]
Index: []
                         File_Name  Status   File_Format    Nodes
0  configs/cfg_dsvpn_0015_03_0.cfg  PASSED  FLAT_JUNIPER  ['hub']
                       File_Name  Status   File_Format        Nodes
0  configs/ne_ds-lite_0094_0.cfg  PASSED  FLAT_JUNIPER  ['ds-lite']
                      File_Name  Status   File_Format    Nodes
0  configs/ne_g82751_9008_0.cfg  PASSED  FLAT_JUNIPER  ['pe1']
                    File_Name  Status   File_Format        Nodes
0  configs/vrp_arp_2095_1.cfg  PASSED  FLAT_JUNIPER  ['deviceb']
                    File_Name  Status   File_Format       Nodes
0  configs/vrp_arp_2019_1.cfg  PASSED  FLAT_JUNIPER  ['device']
                      File_Name  Status   File_Format          Nodes
0  configs/vrp_basic_0114_1.cfg  PASSED  FLAT_JUNIPER  ['client001']
                            File_Name  Status   File_Format  Nodes
0  configs/ne_error-code_000016_2.cfg  PASSED  FLAT_JUNIPER  ['p']
                     File_Name  Status   File_Format        Nodes
0  configs/ne_qos_013868_0.cfg  PASSED  FLAT_JUNIPER  ['devicea']
                   File_Name  Status   File_Format        Nodes
0  configs/ne_pos_0013_1.cfg  PASSED  FLAT_JUNIPER  ['deviceb']
                    File_Name  Status   File_Format    Nodes
0  configs/vrp_arp_2072_1.cfg  PASSED  FLAT_JUNIPER  ['ce1']
                          File_Name  Status   File_Format    Nodes
0  configs/ne_portmirror_0028_2.cfg  PASSED  FLAT_JUNIPER  ['ce1']
                          File_Name  Status File_Format        Nodes
0  configs/ne_portmirror_0020_1.cfg  PASSED     JUNIPER  ['routerb']
                     File_Name  Status   File_Format        Nodes
0  configs/ne_clock_5015_0.cfg  PASSED  FLAT_JUNIPER  ['devicea']
                  File_Name  Status   File_Format    Nodes
0  configs/vrp_011539_1.cfg  PASSED  FLAT_JUNIPER  ['pe2']
                      File_Name  Status   File_Format   Nodes
0  configs/ne_te-p2p_6003_2.cfg  PASSED  FLAT_JUNIPER  ['p3']
                   File_Name  Status   File_Format        Nodes
0  configs/ne_qos_0072_1.cfg  PASSED  FLAT_JUNIPER  ['devicec']
                      File_Name  Status   File_Format           Nodes
0  configs/vrp_basic_0110_0.cfg  PASSED  FLAT_JUNIPER  ['ssh-server']
                               File_Name  Status   File_Format     Nodes
0  configs/ne_cgn-reliability_0023_1.cfg  PASSED  FLAT_JUNIPER  ['cgn2']
                  File_Name  Status   File_Format    Nodes
0  configs/vrp_011537_0.cfg  PASSED  FLAT_JUNIPER  ['ce1']
                 File_Name   Status File_Format Nodes
0  configs/ne_013596_1.cfg  UNKNOWN     UNKNOWN    []
Empty DataFrame
Columns: [Filename, Line, Text, Parser_Context, Comment]
Index: []
                   File_Name  Status   File_Format        Nodes
0  configs/ne_ppp_0023_1.cfg  PASSED  FLAT_JUNIPER  ['deviceb']
                               File_Name  Status   File_Format   Nodes
0  configs/ne_cgn-reliability_0040_2.cfg  PASSED  FLAT_JUNIPER  ['ce']
                           File_Name  Status   File_Format    Nodes
0  configs/ne_clock_5021_x8x16_1.cfg  PASSED  FLAT_JUNIPER  ['pe2']
                         File_Name  Status   File_Format     Nodes
0  configs/ne_atom-gnss_9017_1.cfg  PASSED  FLAT_JUNIPER  ['asg2']
                     File_Name  Status   File_Format   Nodes
0  configs/vrp_acl4_0075_0.cfg  PASSED  FLAT_JUNIPER  ['pe']
                    File_Name  Status   File_Format        Nodes
0  configs/ne_prbs_0007_1.cfg  PASSED  FLAT_JUNIPER  ['deviceb']
                       File_Name  Status   File_Format        Nodes
0  configs/vrp_6o4tnl_0010_1.cfg  PASSED  FLAT_JUNIPER  ['deviceb']
                            File_Name  Status   File_Format       Nodes
0  configs/ne_ipv6_address_0089_1.cfg  PASSED  FLAT_JUNIPER  ['device']
                     File_Name  Status   File_Format Nodes
0  configs/ne_clock_5015_1.cfg  FAILED  FLAT_JUNIPER    []
Empty DataFrame
Columns: [Filename, Line, Text, Parser_Context, Comment]
Index: []
                       File_Name  Status   File_Format        Nodes
0  configs/vrp_6o4tnl_0014_1.cfg  PASSED  FLAT_JUNIPER  ['devicea']
                   File_Name  Status   File_Format        Nodes
0  configs/ne_qos_0072_0.cfg  PASSED  FLAT_JUNIPER  ['devicea']
                      File_Name  Status   File_Format   Nodes
0  configs/ne_te-p2p_6003_3.cfg  PASSED  FLAT_JUNIPER  ['p2']
                  File_Name  Status   File_Format    Nodes
0  configs/vrp_011539_0.cfg  PASSED  FLAT_JUNIPER  ['pe1']
                          File_Name  Status   File_Format    Nodes
0  configs/ne_portmirror_0028_3.cfg  PASSED  FLAT_JUNIPER  ['ce1']
                      File_Name  Status   File_Format    Nodes
0  configs/ne_te-p2p_6003_4.cfg  PASSED  FLAT_JUNIPER  ['pe2']
                      File_Name  Status   File_Format       Nodes
0  configs/ne_l2tp_013508_1.cfg  PASSED  FLAT_JUNIPER  ['device']
                          File_Name  Status   File_Format        Nodes
0  configs/ne_portmirror_0020_0.cfg  PASSED  FLAT_JUNIPER  ['routera']
                  File_Name  Status   File_Format    Nodes
0  configs/vrp_011533_0.cfg  PASSED  FLAT_JUNIPER  ['pe1']
                    File_Name  Status   File_Format       Nodes
0  configs/vrp_aaa_1024_1.cfg  PASSED  FLAT_JUNIPER  ['huawei']
                   File_Name  Status   File_Format        Nodes
0  configs/ne_pos_0013_0.cfg  PASSED  FLAT_JUNIPER  ['devicea']
                    File_Name  Status   File_Format   Nodes
0  configs/vrp_arp_2072_0.cfg  PASSED  FLAT_JUNIPER  ['pe']
                            File_Name  Status   File_Format       Nodes
0  configs/ne_ipv6_address_0087_1.cfg  PASSED  FLAT_JUNIPER  ['device']
                      File_Name  Status   File_Format           Nodes
0  configs/vrp_basic_0114_0.cfg  PASSED  FLAT_JUNIPER  ['ssh_server']
                       File_Name  Status   File_Format        Nodes
0  configs/ne_ds-lite_0094_1.cfg  PASSED  FLAT_JUNIPER  ['ds-lite']
                      File_Name                  Status   File_Format    Nodes
0  configs/ne_g82751_9008_1.cfg  PARTIALLY_UNRECOGNIZED  FLAT_JUNIPER  ['pe2']
                       Filename  ...                      Comment
0  configs/ne_g82751_9008_1.cfg  ...  This syntax is unrecognized
1  configs/ne_g82751_9008_1.cfg  ...  This syntax is unrecognized
2  configs/ne_g82751_9008_1.cfg  ...  This syntax is unrecognized
3  configs/ne_g82751_9008_1.cfg  ...  This syntax is unrecognized
4  configs/ne_g82751_9008_1.cfg  ...  This syntax is unrecognized
5  configs/ne_g82751_9008_1.cfg  ...  This syntax is unrecognized
6  configs/ne_g82751_9008_1.cfg  ...  This syntax is unrecognized
7  configs/ne_g82751_9008_1.cfg  ...  This syntax is unrecognized

[8 rows x 5 columns]
                    File_Name  Status   File_Format        Nodes
0  configs/vrp_arp_2095_0.cfg  PASSED  FLAT_JUNIPER  ['devicea']
                         File_Name  Status   File_Format       Nodes
0  configs/cfg_dsvpn_0015_03_1.cfg  PASSED  FLAT_JUNIPER  ['spoke1']
                          File_Name  Status   File_Format       Nodes
0  configs/ne_portmirror_0041_0.cfg  PASSED  FLAT_JUNIPER  ['device']
                       File_Name  Status   File_Format    Nodes
0  configs/ne_pppoxv6_0056_1.cfg  PASSED  FLAT_JUNIPER  ['ce1']
                    File_Name  Status   File_Format        Nodes
0  configs/ne_prbs_0007_0.cfg  PASSED  FLAT_JUNIPER  ['devicea']
                     File_Name  Status   File_Format    Nodes
0  configs/vrp_acl4_0075_1.cfg  PASSED  FLAT_JUNIPER  ['ce1']
                                  File_Name  Status   File_Format     Nodes
0  configs/ne_bras-multicast_cac_0004_1.cfg  PASSED  FLAT_JUNIPER  ['bras']
                       File_Name  Status   File_Format        Nodes
0  configs/vrp_6o4tnl_0010_0.cfg  PASSED  FLAT_JUNIPER  ['devicea']
                         File_Name  Status   File_Format     Nodes
0  configs/ne_atom-gnss_9017_0.cfg  PASSED  FLAT_JUNIPER  ['asg1']
                           File_Name  Status   File_Format    Nodes
0  configs/ne_clock_5021_x8x16_0.cfg  PASSED  FLAT_JUNIPER  ['pe1']
                      File_Name  Status   File_Format          Nodes
0  configs/vrp_basic_0110_1.cfg  PASSED  FLAT_JUNIPER  ['client001']
                      File_Name  Status   File_Format   Nodes
0  configs/ne_te-p2p_6005_1.cfg  PASSED  FLAT_JUNIPER  ['p1']
                  File_Name  Status   File_Format    Nodes
0  configs/vrp_011537_1.cfg  PASSED  FLAT_JUNIPER  ['pe1']
                   File_Name  Status   File_Format        Nodes
0  configs/ne_ppp_0023_0.cfg  PASSED  FLAT_JUNIPER  ['devicea']
                      File_Name  Status   File_Format        Nodes
0  configs/ne_l2tp_013513_1.cfg  PASSED  FLAT_JUNIPER  ['deviceb']
                    File_Name  Status   File_Format       Nodes
0  configs/ne_ipox_0085_1.cfg  PASSED  FLAT_JUNIPER  ['huawei']
                    File_Name  Status   File_Format        Nodes
0  configs/ne_cpos_0011_1.cfg  PASSED  FLAT_JUNIPER  ['deviceb']
                             File_Name  Status   File_Format    Nodes
0  configs/ne_traff-supress_5011_4.cfg  PASSED  FLAT_JUNIPER  ['pe2']
                    File_Name  Status   File_Format  Nodes
0  configs/ne_lmsp_0020_2.cfg  PASSED  FLAT_JUNIPER  ['p']
                             File_Name  Status   File_Format    Nodes
0  configs/ne_mpls-l3vpn-v4_0016_2.cfg  PASSED  FLAT_JUNIPER  ['pe2']
                    File_Name  Status   File_Format   Nodes
0  configs/vrp_arp_2063_0.cfg  PASSED  FLAT_JUNIPER  ['pe']
                      File_Name  Status   File_Format          Nodes
0  configs/vrp_basic_0124_1.cfg  PASSED  FLAT_JUNIPER  ['client001']
                             File_Name   Status File_Format Nodes
0  configs/ne_mpls-l3vpn-v4_0016_5.cfg  UNKNOWN     UNKNOWN    []
Empty DataFrame
Columns: [Filename, Line, Text, Parser_Context, Comment]
Index: []
                             File_Name  Status   File_Format  Nodes
0  configs/ne_traff-supress_5011_3.cfg  PASSED  FLAT_JUNIPER  ['p']
                            File_Name  Status   File_Format       Nodes
0  configs/ne_ipv4_address_0066_0.cfg  PASSED  FLAT_JUNIPER  ['huawei']
                             File_Name  Status   File_Format    Nodes
0  configs/en-us_task_0187745854_0.cfg  PASSED  FLAT_JUNIPER  ['ce1']
                          File_Name  Status   File_Format    Nodes
0  configs/ne_error-code_0005_4.cfg  PASSED  FLAT_JUNIPER  ['ce2']
                         File_Name  Status   File_Format       Nodes
0  configs/cfg_dsvpn_0016_03_1.cfg  PASSED  FLAT_JUNIPER  ['spoke1']
                    File_Name  Status   File_Format    Nodes
0  configs/ne_esqm_0003_1.cfg  PASSED  FLAT_JUNIPER  ['spe']
                  File_Name  Status   File_Format    Nodes
0  configs/vrp_011543_0.cfg  PASSED  FLAT_JUNIPER  ['ce1']
                  File_Name  Status   File_Format    Nodes
0  configs/vrp_011564_3.cfg  PASSED  FLAT_JUNIPER  ['pe2']
                      File_Name  Status   File_Format           Nodes
0  configs/vrp_basic_0120_0.cfg  PASSED  FLAT_JUNIPER  ['ssh-server']
                      File_Name  Status   File_Format       Nodes
0  configs/cfg_dsvpn_0017_1.cfg  PASSED  FLAT_JUNIPER  ['spoke1']
                     File_Name  Status   File_Format    Nodes
0  configs/ne_pppox_0286_0.cfg  PASSED  FLAT_JUNIPER  ['pe1']
                    File_Name  Status File_Format          Nodes
0  configs/ne_lmsp_0024_3.cfg  PASSED     JUNIPER  ['lmsp-node']
                   File_Name  Status   File_Format    Nodes
0  configs/ne_qos_5079_2.cfg  PASSED  FLAT_JUNIPER  ['ce1']
                    File_Name  Status   File_Format    Nodes
0  configs/ne_esqm_0003_0.cfg  PASSED  FLAT_JUNIPER  ['upe']
                         File_Name  Status   File_Format    Nodes
0  configs/cfg_dsvpn_0016_03_0.cfg  PASSED  FLAT_JUNIPER  ['hub']
                  File_Name  Status   File_Format    Nodes
0  configs/vrp_011543_1.cfg  PASSED  FLAT_JUNIPER  ['ce2']
                             File_Name  Status   File_Format    Nodes
0  configs/en-us_task_0187745854_1.cfg  PASSED  FLAT_JUNIPER  ['pe1']
                    File_Name  Status   File_Format   Nodes
0  configs/vrp_arp_2063_1.cfg  PASSED  FLAT_JUNIPER  ['ce']
                   File_Name  Status   File_Format    Nodes
0  configs/ne_qos_0069_1.cfg  PASSED  FLAT_JUNIPER  ['pe1']
                             File_Name  Status   File_Format    Nodes
0  configs/ne_traff-supress_5011_2.cfg  PASSED  FLAT_JUNIPER  ['pe1']
                             File_Name  Status   File_Format    Nodes
0  configs/ne_mpls-l3vpn-v4_0016_4.cfg  PASSED  FLAT_JUNIPER  ['ce3']
                     File_Name  Status   File_Format       Nodes
0  configs/ne_pppoe_0015_1.cfg  PASSED  FLAT_JUNIPER  ['device']
                    File_Name  Status   File_Format        Nodes
0  configs/ne_cpos_0011_0.cfg  PASSED  FLAT_JUNIPER  ['devicea']
                             File_Name  Status   File_Format    Nodes
0  configs/ne_mpls-l3vpn-v4_0016_3.cfg  PASSED  FLAT_JUNIPER  ['ce2']
                      File_Name  Status   File_Format        Nodes
0  configs/ne_l2tp_013513_0.cfg  PASSED  FLAT_JUNIPER  ['devicea']
                      File_Name  Status   File_Format        Nodes
0  configs/ne_ipoxv6_0001_0.cfg  PASSED  FLAT_JUNIPER  ['devicea']
                   File_Name  Status   File_Format    Nodes
0  configs/ne_qos_5079_3.cfg  PASSED  FLAT_JUNIPER  ['ce2']
                   File_Name  Status   File_Format     Nodes
0  configs/ne_nat_0097_1.cfg  PASSED  FLAT_JUNIPER  ['nata']
                       File_Name  Status   File_Format        Nodes
0  configs/vrp_6o4tnl_0009_2.cfg  PASSED  FLAT_JUNIPER  ['devicec']
                               File_Name  Status   File_Format     Nodes
0  configs/ne_cgn-reliability_0038_1.cfg  PASSED  FLAT_JUNIPER  ['cgn1']
                      File_Name  Status   File_Format        Nodes
0  configs/ne_1588v2_5037_2.cfg  PASSED  FLAT_JUNIPER  ['devicec']
                    File_Name   Status File_Format Nodes
0  configs/ne_lmsp_0024_2.cfg  UNKNOWN     UNKNOWN    []
Empty DataFrame
Columns: [Filename, Line, Text, Parser_Context, Comment]
Index: []
                  File_Name  Status   File_Format    Nodes
0  configs/vrp_011564_2.cfg  PASSED  FLAT_JUNIPER  ['ce2']
                      File_Name  Status   File_Format    Nodes
0  configs/cfg_dsvpn_0017_0.cfg  PASSED  FLAT_JUNIPER  ['hub']
                      File_Name  Status   File_Format          Nodes
0  configs/vrp_basic_0120_1.cfg  PASSED  FLAT_JUNIPER  ['client001']
                     File_Name  Status   File_Format  Nodes
0  configs/ne_pppox_0286_1.cfg  PASSED  FLAT_JUNIPER  ['p']
                  File_Name  Status   File_Format    Nodes
0  configs/vrp_011538_1.cfg  PASSED  FLAT_JUNIPER  ['pe2']
                      File_Name  Status   File_Format   Nodes
0  configs/ne_te-p2p_6002_2.cfg  PASSED  FLAT_JUNIPER  ['p2']
                   File_Name  Status   File_Format        Nodes
0  configs/ne_atr_9011_0.cfg  PASSED  FLAT_JUNIPER  ['server1']
                      File_Name  Status   File_Format        Nodes
0  configs/ne_l2tp_013509_0.cfg  PASSED  FLAT_JUNIPER  ['devicea']
                  File_Name  Status   File_Format        Nodes
0  configs/ne_mp_0007_1.cfg  PASSED  FLAT_JUNIPER  ['deviceb']
                   File_Name   Status File_Format Nodes
0  configs/ne_qos_5044_0.cfg  UNKNOWN     UNKNOWN    []
Empty DataFrame
Columns: [Filename, Line, Text, Parser_Context, Comment]
Index: []
                      File_Name  Status   File_Format    Nodes
0  configs/vrp_basic_0115_1.cfg  PASSED  FLAT_JUNIPER  ['pe1']
                     File_Name  Status   File_Format       Nodes
0  configs/ne_qos_013869_0.cfg  PASSED  FLAT_JUNIPER  ['huawei']
                     File_Name  Status   File_Format        Nodes
0  configs/ne_clock_5016_3.cfg  PASSED  FLAT_JUNIPER  ['deviced']
                  File_Name  Status   File_Format    Nodes
0  configs/vrp_011532_1.cfg  PASSED  FLAT_JUNIPER  ['pe2']
                      File_Name  Status   File_Format       Nodes
0  configs/ne_arpsec_5012_1.cfg  PASSED  FLAT_JUNIPER  ['device']
                         File_Name  Status   File_Format    Nodes
0  configs/cfg_dsvpn_0015_02_0.cfg  PASSED  FLAT_JUNIPER  ['hub']
                      File_Name  Status   File_Format        Nodes
0  configs/ne_loadba_2010_1.cfg  PASSED  FLAT_JUNIPER  ['routerb']
                      File_Name  Status   File_Format    Nodes
0  configs/ne_1588v2_5023_3.cfg  PASSED  FLAT_JUNIPER  ['pe2']
                   File_Name  Status   File_Format        Nodes
0  configs/ne_qos_2053_0.cfg  PASSED  FLAT_JUNIPER  ['devicea']
                      File_Name  Status   File_Format    Nodes
0  configs/ne_1588v2_5025_1.cfg  PASSED  FLAT_JUNIPER  ['ce2']
                       File_Name  Status   File_Format     Nodes
0  configs/ne_gps-sfp_9017_0.cfg  PASSED  FLAT_JUNIPER  ['asg1']
                      File_Name  Status   File_Format    Nodes
0  configs/ne_te-p2p_6006_4.cfg  PASSED  FLAT_JUNIPER  ['ce1']
                   File_Name  Status   File_Format        Nodes
0  configs/ne_qos_2038_0.cfg  PASSED  FLAT_JUNIPER  ['devicea']
                       File_Name  Status   File_Format        Nodes
0  configs/vrp_6o4tnl_0011_1.cfg  PASSED  FLAT_JUNIPER  ['deviceb']
                      File_Name  Status   File_Format    Nodes
0  configs/ne_te-p2p_6006_3.cfg  PASSED  FLAT_JUNIPER  ['pe2']
                   File_Name  Status   File_Format        Nodes
0  configs/ne_ppp_0022_1.cfg  PASSED  FLAT_JUNIPER  ['deviceb']
                  File_Name  Status   File_Format    Nodes
0  configs/vrp_011536_0.cfg  PASSED  FLAT_JUNIPER  ['ce1']
                               File_Name  Status   File_Format   Nodes
0  configs/ne_cgn-reliability_0041_2.cfg  PASSED  FLAT_JUNIPER  ['cr']
                    File_Name Status File_Format Nodes
0  configs/vrp_aaa_1021_1.cfg  EMPTY       EMPTY    []
Empty DataFrame
Columns: [Filename, Line, Text, Parser_Context, Comment]
Index: []
                      File_Name  Status   File_Format    Nodes
0  configs/ne_1588v2_5023_2.cfg  PASSED  FLAT_JUNIPER  ['pe1']
                      File_Name  Status   File_Format        Nodes
0  configs/ne_loadba_2010_0.cfg  PASSED  FLAT_JUNIPER  ['routera']
                         File_Name  Status   File_Format       Nodes
0  configs/cfg_dsvpn_0015_02_1.cfg  PASSED  FLAT_JUNIPER  ['spoke1']
                      File_Name  Status   File_Format    Nodes
0  configs/vrp_basic_0115_0.cfg  PASSED  FLAT_JUNIPER  ['ce1']
                     File_Name  Status   File_Format        Nodes
0  configs/ne_clock_5016_2.cfg  PASSED  FLAT_JUNIPER  ['devicec']
                  File_Name  Status   File_Format    Nodes
0  configs/vrp_011532_0.cfg  PASSED  FLAT_JUNIPER  ['pe1']
                   File_Name  Status   File_Format                Nodes
0  configs/ne_nat_0089_1.cfg  PASSED  FLAT_JUNIPER  ['srx-nat-gateway']
                         File_Name  Status   File_Format        Nodes
0  configs/ne_pppoe_0013_vpn_1.cfg  PASSED  FLAT_JUNIPER  ['devicea']
                   File_Name  Status   File_Format     Nodes
0  configs/ne_nat_0120_1.cfg  PASSED  FLAT_JUNIPER  ['cgna']
                         File_Name  Status   File_Format       Nodes
0  configs/cfg_dsvpn_0015_00_2.cfg  PASSED  FLAT_JUNIPER  ['spoke2']
                   File_Name   Status File_Format Nodes
0  configs/ne_qos_5044_1.cfg  UNKNOWN     UNKNOWN    []
Empty DataFrame
Columns: [Filename, Line, Text, Parser_Context, Comment]
Index: []
                  File_Name  Status   File_Format        Nodes
0  configs/ne_mp_0007_0.cfg  PASSED  FLAT_JUNIPER  ['devicea']
                  File_Name  Status   File_Format    Nodes
0  configs/vrp_011538_0.cfg  PASSED  FLAT_JUNIPER  ['pe1']
                   File_Name  Status   File_Format        Nodes
0  configs/ne_atr_9011_1.cfg  PASSED  FLAT_JUNIPER  ['server2']
                   File_Name  Status   File_Format        Nodes
0  configs/ne_ppp_0022_0.cfg  PASSED  FLAT_JUNIPER  ['devicea']
                  File_Name  Status   File_Format    Nodes
0  configs/vrp_011536_1.cfg  PASSED  FLAT_JUNIPER  ['pe1']
                      File_Name  Status   File_Format        Nodes
0  configs/ne_l2tp_013507_0.cfg  PASSED  FLAT_JUNIPER  ['devicea']
                       File_Name  Status   File_Format        Nodes
0  configs/vrp_6o4tnl_0011_0.cfg  PASSED  FLAT_JUNIPER  ['devicea']
                     File_Name  Status   File_Format            Nodes
0  configs/ne_qos_013867_0.cfg  PASSED  FLAT_JUNIPER  ['juniper-qos']
                      File_Name  Status   File_Format   Nodes
0  configs/ne_te-p2p_6006_2.cfg  PASSED  FLAT_JUNIPER  ['p2']
                      File_Name  Status   File_Format          Nodes
0  configs/vrp_basic_0113_2.cfg  PASSED  FLAT_JUNIPER  ['client002']
                      File_Name  Status   File_Format    Nodes
0  configs/ne_1588v2_5025_0.cfg  PASSED  FLAT_JUNIPER  ['ce1']
                   File_Name  Status   File_Format        Nodes
0  configs/ne_qos_2038_1.cfg  PASSED  FLAT_JUNIPER  ['deviceb']
                      File_Name  Status   File_Format    Nodes
0  configs/ne_te-p2p_6006_5.cfg  PASSED  FLAT_JUNIPER  ['ce1']
                       File_Name  Status   File_Format     Nodes
0  configs/ne_gps-sfp_9017_1.cfg  PASSED  FLAT_JUNIPER  ['asg2']
                    File_Name  Status   File_Format    Nodes
0  configs/vrp_arp_2064_1.cfg  PASSED  FLAT_JUNIPER  ['ce2']
                             File_Name  Status   File_Format        Nodes
0  configs/en-us_task_0174456729_5.cfg  PASSED  FLAT_JUNIPER  ['devicef']
                   File_Name  Status   File_Format        Nodes
0  configs/ne_daa_0014_1.cfg  PASSED  FLAT_JUNIPER  ['juniper']
                    File_Name  Status   File_Format  Nodes
0  configs/ne_vpls_5003_1.cfg  PASSED  FLAT_JUNIPER  ['p']
                             File_Name  Status   File_Format        Nodes
0  configs/en-us_task_0174456729_2.cfg  PASSED  FLAT_JUNIPER  ['devicec']
                   File_Name  Status   File_Format     Nodes
0  configs/ne_nat_0058_1.cfg  PASSED  FLAT_JUNIPER  ['nata']
                  File_Name  Status   File_Format    Nodes
0  configs/vrp_011580_3.cfg  PASSED  FLAT_JUNIPER  ['pe2']
                      File_Name  Status   File_Format        Nodes
0  configs/ne_l2tp_013514_0.cfg  PASSED  FLAT_JUNIPER  ['devicea']
                      File_Name  Status   File_Format           Nodes
0  configs/vrp_basic_0208_0.cfg  PASSED  FLAT_JUNIPER  ['ssh-server']
                   File_Name  Status   File_Format     Nodes
0  configs/ne_nat_0094_0.cfg  PASSED  FLAT_JUNIPER  ['bras']
                      File_Name  Status   File_Format           Nodes
0  configs/vrp_basic_0129_0.cfg  PASSED  FLAT_JUNIPER  ['ssh-server']
                    File_Name  Status   File_Format  Nodes
0  configs/ne_vpws_5003_2.cfg  PASSED  FLAT_JUNIPER  ['p']
                      File_Name  Status   File_Format        Nodes
0  configs/ne_1588v2_5036_0.cfg  PASSED  FLAT_JUNIPER  ['devicea']
                    File_Name  Status   File_Format       Nodes
0  configs/ne_ipox_0086_1.cfg  PASSED  FLAT_JUNIPER  ['huawei']
                    File_Name  Status   File_Format        Nodes
0  configs/ne_cpos_0012_1.cfg  PASSED  FLAT_JUNIPER  ['deviceb']
                   File_Name  Status   File_Format    Nodes
0  configs/ne_tdm_0010_0.cfg  PASSED  FLAT_JUNIPER  ['pe1']
                      File_Name  Status   File_Format       Nodes
0  configs/ne_l2tp_013510_1.cfg  PASSED  FLAT_JUNIPER  ['ne40eb']
                      File_Name  Status   File_Format       Nodes
0  configs/cfg_dsvpn_0018_3.cfg  PASSED  FLAT_JUNIPER  ['spoke2']
                         File_Name  Status   File_Format       Nodes
0  configs/cfg_dsvpn_0016_02_2.cfg  PASSED  FLAT_JUNIPER  ['spoke2']
                  File_Name  Status   File_Format    Nodes
0  configs/vrp_011548_4.cfg  PASSED  FLAT_JUNIPER  ['ce2']
                      File_Name  Status   File_Format        Nodes
0  configs/ne_loadba_2009_0.cfg  PASSED  FLAT_JUNIPER  ['routera']
                  File_Name  Status   File_Format    Nodes
0  configs/vrp_011540_0.cfg  PASSED  FLAT_JUNIPER  ['ce1']
                      File_Name  Status   File_Format           Nodes
0  configs/vrp_basic_0048_0.cfg  PASSED  FLAT_JUNIPER  ['ssh-server']
                   File_Name  Status   File_Format    Nodes
0  configs/ne_qos_2006_5.cfg  PASSED  FLAT_JUNIPER  ['ce3']
                  File_Name  Status   File_Format    Nodes
0  configs/vrp_011561_1.cfg  PASSED  FLAT_JUNIPER  ['pe2']
                    File_Name  Status File_Format Nodes
0  configs/ne_ipox_0000_1.cfg  FAILED     JUNIPER    []
Empty DataFrame
Columns: [Filename, Line, Text, Parser_Context, Comment]
Index: []
                   File_Name  Status   File_Format        Nodes
0  configs/ne_qos_7010_2.cfg  PASSED  FLAT_JUNIPER  ['devicec']
                  File_Name  Status   File_Format    Nodes
0  configs/vrp_011569_2.cfg  PASSED  FLAT_JUNIPER  ['ce1']
                  File_Name  Status   File_Format    Nodes
0  configs/vrp_011548_3.cfg  PASSED  FLAT_JUNIPER  ['ce1']
                    File_Name  Status   File_Format    Nodes
0  configs/ne_vpws_5003_4.cfg  PASSED  FLAT_JUNIPER  ['ce2']
                      File_Name  Status   File_Format        Nodes
0  configs/ne_1588v2_5036_1.cfg  PASSED  FLAT_JUNIPER  ['devicec']
                   File_Name  Status   File_Format   Nodes
0  configs/ne_nat_0094_1.cfg  PASSED  FLAT_JUNIPER  ['cr']
                      File_Name  Status   File_Format          Nodes
0  configs/vrp_basic_0121_2.cfg  PASSED  FLAT_JUNIPER  ['client002']
                      File_Name  Status   File_Format           Nodes
0  configs/vrp_basic_0129_1.cfg  PASSED  FLAT_JUNIPER  ['scp_client']
                    File_Name  Status   File_Format    Nodes
0  configs/ne_vpws_5003_3.cfg  PASSED  FLAT_JUNIPER  ['pe2']
                  File_Name  Status   File_Format    Nodes
0  configs/vrp_011580_2.cfg  PASSED  FLAT_JUNIPER  ['ce2']
                   File_Name  Status   File_Format     Nodes
0  configs/ne_nat_0058_0.cfg  PASSED  FLAT_JUNIPER  ['nata']
                             File_Name  Status   File_Format        Nodes
0  configs/en-us_task_0174456729_3.cfg  PASSED  FLAT_JUNIPER  ['deviced']
                    File_Name  Status   File_Format    Nodes
0  configs/ne_vpls_5003_0.cfg  PASSED  FLAT_JUNIPER  ['pe1']
                      File_Name  Status   File_Format          Nodes
0  configs/vrp_basic_0208_1.cfg  PASSED  FLAT_JUNIPER  ['client001']
                      File_Name  Status   File_Format        Nodes
0  configs/ne_l2tp_013514_1.cfg  PASSED  FLAT_JUNIPER  ['devicec']
                   File_Name  Status   File_Format        Nodes
0  configs/ne_nat_0096_2.cfg  PASSED  FLAT_JUNIPER  ['deviceb']
                             File_Name  Status   File_Format        Nodes
0  configs/en-us_task_0174456729_4.cfg  PASSED  FLAT_JUNIPER  ['devicee']
                      File_Name  Status   File_Format          Nodes
0  configs/vrp_basic_0123_1.cfg  PASSED  FLAT_JUNIPER  ['client001']
                    File_Name  Status   File_Format    Nodes
0  configs/vrp_arp_2064_0.cfg  PASSED  FLAT_JUNIPER  ['ce1']
                  File_Name  Status   File_Format    Nodes
0  configs/vrp_011540_1.cfg  PASSED  FLAT_JUNIPER  ['ce2']
                   File_Name  Status   File_Format    Nodes
0  configs/ne_qos_2006_4.cfg  PASSED  FLAT_JUNIPER  ['ce2']
                  File_Name  Status   File_Format    Nodes
0  configs/vrp_011561_0.cfg  PASSED  FLAT_JUNIPER  ['pe1']
                             File_Name  Status   File_Format       Nodes
0  configs/ne_traff-supress_5010_1.cfg  PASSED  FLAT_JUNIPER  ['device']
                  File_Name  Status   File_Format    Nodes
0  configs/vrp_011569_3.cfg  PASSED  FLAT_JUNIPER  ['ce2']
                  File_Name  Status   File_Format    Nodes
0  configs/vrp_011548_2.cfg  PASSED  FLAT_JUNIPER  ['pe2']
                      File_Name   Status File_Format Nodes
0  configs/vrp_basic_0023_1.cfg  UNKNOWN     UNKNOWN    []
Empty DataFrame
Columns: [Filename, Line, Text, Parser_Context, Comment]
Index: []
                    File_Name  Status   File_Format        Nodes
0  configs/ne_lmsp_0021_0.cfg  PASSED  FLAT_JUNIPER  ['devicea']
                   File_Name  Status   File_Format    Nodes
0  configs/ne_qos_2006_3.cfg  PASSED  FLAT_JUNIPER  ['ce1']
                      File_Name  Status   File_Format        Nodes
0  configs/ne_loadba_2009_1.cfg  PASSED  FLAT_JUNIPER  ['routerb']
                                       File_Name  ...     Nodes
0  configs/ne_bras-multicast_cac_ipv6_0004_1.cfg  ...  ['bras']

[1 rows x 4 columns]
                      File_Name  Status   File_Format       Nodes
0  configs/cfg_dsvpn_0018_2.cfg  PASSED  FLAT_JUNIPER  ['spoke1']
                      File_Name  Status   File_Format             Nodes
0  configs/ne_l2tp_013510_0.cfg  PASSED  FLAT_JUNIPER  ['l2tp-gateway']
                    File_Name  Status   File_Format        Nodes
0  configs/ne_cpos_0012_0.cfg  PASSED  FLAT_JUNIPER  ['devicea']
                   File_Name  Status   File_Format    Nodes
0  configs/ne_tdm_0010_1.cfg  PASSED  FLAT_JUNIPER  ['pe2']
                     File_Name  Status   File_Format       Nodes
0  configs/ne_pppoe_0016_1.cfg  PASSED  FLAT_JUNIPER  ['huawei']
                           File_Name  Status   File_Format  Nodes
0  configs/ne_clock_5021_x8x16_2.cfg  PASSED  FLAT_JUNIPER  ['p']
                      File_Name  Status   File_Format    Nodes
0  configs/ne_te-p2p_6005_4.cfg  PASSED  FLAT_JUNIPER  ['ce1']
                      File_Name  Status   File_Format    Nodes
0  configs/ne_te-p2p_6005_3.cfg  PASSED  FLAT_JUNIPER  ['pe2']
                  File_Name  Status   File_Format        Nodes
0  configs/ne_e1_5007_0.cfg  PASSED  FLAT_JUNIPER  ['devicea']
                       File_Name  Status   File_Format        Nodes
0  configs/vrp_4o6tnl_0011_1.cfg  PASSED  FLAT_JUNIPER  ['deviceb']
                      File_Name  Status   File_Format                  Nodes
0  configs/vrp_basic_0112_0.cfg  PASSED  FLAT_JUNIPER  ['junos-ftp-gateway']
                    File_Name   Status File_Format Nodes
0  configs/vrp_aaa_1022_1.cfg  UNKNOWN     UNKNOWN    []
Empty DataFrame
Columns: [Filename, Line, Text, Parser_Context, Comment]
Index: []
                 File_Name  Status   File_Format       Nodes
0  configs/ne_013594_1.cfg  PASSED  FLAT_JUNIPER  ['huawei']
                  File_Name  Status   File_Format    Nodes
0  configs/vrp_011535_0.cfg  PASSED  FLAT_JUNIPER  ['pe1']
                                  File_Name  ...     Nodes
0  configs/ne_bras-multicast_cac_0002_1.cfg  ...  ['bras']

[1 rows x 4 columns]
                                   Filename  ...                      Comment
0  configs/ne_bras-multicast_cac_0002_1.cfg  ...  This syntax is unrecognized

[1 rows x 5 columns]
                      File_Name  Status   File_Format          Nodes
0  configs/vrp_basic_0114_2.cfg  PASSED  FLAT_JUNIPER  ['client002']
                            File_Name  Status   File_Format  Nodes
0  configs/ne_error-code_000016_1.cfg  PASSED  FLAT_JUNIPER  ['p']
                    File_Name  Status   File_Format    Nodes
0  configs/vrp_arp_2072_2.cfg  PASSED  FLAT_JUNIPER  ['ce1']
                    File_Name  Status File_Format       Nodes
0  configs/ne_ipox_0175_1.cfg  PASSED     JUNIPER  ['huawei']
                      File_Name  Status   File_Format        Nodes
0  configs/ne_g82751_9008_3.cfg  PASSED  FLAT_JUNIPER  ['device2']
                     File_Name  Status   File_Format        Nodes
0  configs/ne_clock_5015_3.cfg  PASSED  FLAT_JUNIPER  ['deviced']
                     File_Name  Status File_Format       Nodes
0  configs/ne_qos_013801_0.cfg  PASSED     JUNIPER  ['device']
                      File_Name  Status   File_Format   Nodes
0  configs/ne_te-p2p_6003_1.cfg  PASSED  FLAT_JUNIPER  ['p1']
                          File_Name  Status   File_Format    Nodes
0  configs/ne_portmirror_0028_1.cfg  PASSED  FLAT_JUNIPER  ['pe2']
                          File_Name  Status   File_Format        Nodes
0  configs/ne_portmirror_0020_2.cfg  PASSED  FLAT_JUNIPER  ['routerc']
                      File_Name   Status File_Format Nodes
0  configs/vrp_basic_0112_1.cfg  UNKNOWN     UNKNOWN    []
Empty DataFrame
Columns: [Filename, Line, Text, Parser_Context, Comment]
Index: []
                     File_Name  Status   File_Format    Nodes
0  configs/vrp_acl4_0075_2.cfg  PASSED  FLAT_JUNIPER  ['ce2']
                  File_Name  Status   File_Format    Nodes
0  configs/vrp_011535_1.cfg  PASSED  FLAT_JUNIPER  ['pe2']
                       File_Name  Status   File_Format        Nodes
0  configs/vrp_4o6tnl_0011_0.cfg  PASSED  FLAT_JUNIPER  ['devicea']
                      File_Name  Status   File_Format          Nodes
0  configs/vrp_basic_0110_2.cfg  PASSED  FLAT_JUNIPER  ['client002']
                      File_Name  Status   File_Format   Nodes
0  configs/ne_te-p2p_6005_2.cfg  PASSED  FLAT_JUNIPER  ['p2']
                    File_Name  Status   File_Format        Nodes
0  configs/ne_ipox_0150_0.cfg  PASSED  FLAT_JUNIPER  ['devicea']
                  File_Name  Status   File_Format        Nodes
0  configs/ne_e1_5007_1.cfg  PASSED  FLAT_JUNIPER  ['deviceb']
                                  File_Name  Status   File_Format     Nodes
0  configs/ne_bras-multicast_cac_0006_1.cfg  PASSED  FLAT_JUNIPER  ['bras']
                  File_Name  Status   File_Format    Nodes
0  configs/vrp_011537_2.cfg  PASSED  FLAT_JUNIPER  ['pe2']
                      File_Name  Status   File_Format    Nodes
0  configs/ne_te-p2p_6005_5.cfg  PASSED  FLAT_JUNIPER  ['ce2']
                    File_Name  Status   File_Format       Nodes
0  configs/ne_ipox_0098_0.cfg  PASSED  FLAT_JUNIPER  ['huawei']
                          File_Name  Status File_Format    Nodes
0  configs/ne_portmirror_0028_0.cfg  PASSED     JUNIPER  ['pe1']
                     File_Name   Status File_Format Nodes
0  configs/ne_013600_mac_1.cfg  UNKNOWN     UNKNOWN    []
Empty DataFrame
Columns: [Filename, Line, Text, Parser_Context, Comment]
Index: []
                     File_Name  Status   File_Format        Nodes
0  configs/ne_clock_5015_2.cfg  PASSED  FLAT_JUNIPER  ['devicec']
                      File_Name  Status   File_Format        Nodes
0  configs/ne_g82751_9008_2.cfg  PASSED  FLAT_JUNIPER  ['device1']
                   File_Name  Status   File_Format        Nodes
0  configs/ne_qos_2054_0.cfg  PASSED  FLAT_JUNIPER  ['devicea']
                         File_Name  Status   File_Format       Nodes
0  configs/cfg_dsvpn_0015_03_2.cfg  PASSED  FLAT_JUNIPER  ['spoke2']
                       File_Name  Status   File_Format  Nodes
0  configs/ne_pppoxv6_0071_1.cfg  PASSED  FLAT_JUNIPER  ['p']
                     File_Name  Status File_Format       Nodes
0  configs/ne_8021x_0011_1.cfg  PASSED     JUNIPER  ['router']
                            File_Name  Status   File_Format    Nodes
0  configs/ne_error-code_000016_0.cfg  PASSED  FLAT_JUNIPER  ['upe']
22
配置语法检测结果保存至syntactic_check/config_data_400/error_info/Juniper_error_syntax.json
